"host time (us)","GPU PowerVR Series8XEP, GE8320, Device 0/Frame time","GPU PowerVR Series8XEP, GE8320, Device 0/Frames per second (FPS)","GPU PowerVR Series8XEP, GE8320, Device 0/GPU clock speed","GPU PowerVR Series8XEP, GE8320, Device 0/GPU memory interface load (%)","GPU PowerVR Series8XEP, GE8320, Device 0/GPU memory read bytes per second","GPU PowerVR Series8XEP, GE8320, Device 0/GPU memory total bytes per second","GPU PowerVR Series8XEP, GE8320, Device 0/GPU memory write bytes per second","GPU PowerVR Series8XEP, GE8320, Device 0/Renderer active (%)","GPU PowerVR Series8XEP, GE8320, Device 0/Renderer time per frame","GPU PowerVR Series8XEP, GE8320, Device 0/Renderer time","GPU PowerVR Series8XEP, GE8320, Device 0/Tiler active (%)","GPU PowerVR Series8XEP, GE8320, Device 0/Tiler time per frame","GPU PowerVR Series8XEP, GE8320, Device 0/Tiler time","GPU PowerVR Series8XEP, GE8320, Device 0/Tiler/Tiler triangle load (%)","GPU PowerVR Series8XEP, GE8320, Device 0/Tiler/Tiles per triangle","GPU PowerVR Series8XEP, GE8320, Device 0/Tiler/Triangle ratio (%)","GPU PowerVR Series8XEP, GE8320, Device 0/Tiler/Triangles input per draw","GPU PowerVR Series8XEP, GE8320, Device 0/Tiler/Triangles input per frame","GPU PowerVR Series8XEP, GE8320, Device 0/Tiler/Triangles input per second","GPU PowerVR Series8XEP, GE8320, Device 0/Tiler/Triangles output per frame","GPU PowerVR Series8XEP, GE8320, Device 0/Tiler/Triangles output per second","GPU PowerVR Series8XEP, GE8320, Device 0/Tiler/Vertices per triangle","GPU PowerVR Series8XEP, GE8320, Device 0/Renderer/HSR efficiency (%)","GPU PowerVR Series8XEP, GE8320, Device 0/Renderer/ISP pixel load (%)","GPU PowerVR Series8XEP, GE8320, Device 0/Renderer/ISP tiles in flight (%)","GPU PowerVR Series8XEP, GE8320, Device 0/Renderer/Output pixels per frame","GPU PowerVR Series8XEP, GE8320, Device 0/Renderer/Output pixels per second","GPU PowerVR Series8XEP, GE8320, Device 0/Renderer/Overdraw","GPU PowerVR Series8XEP, GE8320, Device 0/Renderer/Z load/store (%)","GPU PowerVR Series8XEP, GE8320, Device 0/Shader/Compute kernels per frame","GPU PowerVR Series8XEP, GE8320, Device 0/Shader/Compute kernels per second","GPU PowerVR Series8XEP, GE8320, Device 0/Shader/Cycles per pixel","GPU PowerVR Series8XEP, GE8320, Device 0/Shader/Cycles per vertex","GPU PowerVR Series8XEP, GE8320, Device 0/Shader/Processing load: compute (%)","GPU PowerVR Series8XEP, GE8320, Device 0/Shader/Processing load: pixel (%)","GPU PowerVR Series8XEP, GE8320, Device 0/Shader/Processing load: vertex (%)","GPU PowerVR Series8XEP, GE8320, Device 0/Shader/Register overload (%)","GPU PowerVR Series8XEP, GE8320, Device 0/Shader/Shaded pixels per frame","GPU PowerVR Series8XEP, GE8320, Device 0/Shader/Shaded pixels per second","GPU PowerVR Series8XEP, GE8320, Device 0/Shader/Shaded vertices per frame","GPU PowerVR Series8XEP, GE8320, Device 0/Shader/Shaded vertices per second","GPU PowerVR Series8XEP, GE8320, Device 0/Shader/Shader processing load (%)","GPU PowerVR Series8XEP, GE8320, Device 0/Texturing/Texture overload (%)","GPU PowerVR Series8XEP, GE8320, Device 0/Texturing/Texturing active (%)","Processes/PID 1290 ()/GPU PowerVR Series8XEP, GE8320, Device 0/Renderer time per frame","Processes/PID 23040 ()/GPU PowerVR Series8XEP, GE8320, Device 0/Renderer time per frame","Processes/PID 1290 ()/GPU PowerVR Series8XEP, GE8320, Device 0/Renderer time","Processes/PID 23040 ()/GPU PowerVR Series8XEP, GE8320, Device 0/Renderer time","Processes/PID 1290 ()/GPU PowerVR Series8XEP, GE8320, Device 0/Tiler time per frame","Processes/PID 23040 ()/GPU PowerVR Series8XEP, GE8320, Device 0/Tiler time per frame","Processes/PID 1290 ()/GPU PowerVR Series8XEP, GE8320, Device 0/Tiler time","Processes/PID 23040 ()/GPU PowerVR Series8XEP, GE8320, Device 0/Tiler time"
827273450000,6.15E-03,1.63E+02,6.50E+08,1.16E+01,1.64E+09,2.60E+09,9.61E+08,2.51E+02,1.54E-02,2.43E-03,0.00E+00,0.00E+00,0.00E+00,5.49E+00,1.59E+00,2.53E+01,2.53E+04,2.96E+05,1.92E+07,7.47E+04,4.84E+06,1.01E+00,0.00E+00,1.11E-01,1.00E+02,1.53E+06,9.93E+07,1.00E+00,2.36E+00,0.00E+00,0.00E+00,6.06E+01,4.41E+01,0.00E+00,2.69E+01,3.81E+00,0.00E+00,1.53E+06,9.93E+07,2.98E+05,1.93E+07,3.07E+01,2.10E+00,8.47E+01,,1.54E-02,,2.43E-03,,0.00E+00,,0.00E+00
827273500000,3.64E-02,2.75E+01,6.50E+08,2.71E+01,1.63E+09,2.82E+09,1.19E+09,8.41E+01,3.06E-02,4.21E-02,1.23E+01,4.47E-03,6.15E-03,9.19E+00,1.57E+00,2.83E+01,8.45E+03,5.43E+05,1.49E+07,1.54E+05,4.23E+06,1.01E+00,0.00E+00,3.33E-01,1.00E+02,4.12E+06,1.13E+08,1.08E+00,1.01E+01,0.00E+00,0.00E+00,2.72E+01,4.54E+01,0.00E+00,3.20E+01,6.60E+00,0.00E+00,4.44E+06,1.22E+08,5.49E+05,1.51E+07,3.86E+01,1.94E+00,6.79E+01,,3.06E-02,,4.21E-02,,4.47E-03,,6.15E-03
827273550000,8.89E-02,1.12E+01,6.50E+08,1.84E+01,8.68E+08,1.92E+09,1.05E+09,7.85E+01,6.98E-02,3.92E-02,3.98E+01,3.54E-02,1.99E-02,4.72E+00,1.91E+00,3.02E+01,2.50E+03,6.82E+05,7.67E+06,2.06E+05,2.32E+06,1.14E+00,0.00E+00,2.78E-01,1.00E+02,9.89E+06,1.11E+08,1.01E+00,6.63E+00,0.00E+00,0.00E+00,5.33E+01,3.90E+01,0.00E+00,5.73E+01,3.27E+00,0.00E+00,9.95E+06,1.12E+08,7.77E+05,8.74E+06,6.06E+01,1.62E+00,5.24E+01,,6.98E-02,,3.92E-02,,3.54E-02,,1.99E-02
827273600000,1.95E-01,5.12E+00,6.50E+08,2.46E+01,1.30E+09,2.56E+09,1.26E+09,9.66E+01,1.89E-01,4.83E-02,9.31E+01,1.82E-01,4.66E-02,1.55E+01,2.54E+00,7.85E+00,1.98E+03,4.93E+06,2.52E+07,3.87E+05,1.98E+06,1.38E+00,0.00E+00,5.09E-01,1.00E+02,2.25E+07,1.15E+08,1.29E+00,1.90E+01,0.00E+00,0.00E+00,3.43E+01,2.90E+01,0.00E+00,4.89E+01,9.69E+00,0.00E+00,2.90E+07,1.48E+08,6.80E+06,3.48E+07,5.86E+01,5.57E-01,6.28E+01,,1.89E-01,,4.83E-02,,1.82E-01,,4.66E-02
827273650000,1.95E-01,5.12E+00,6.50E+08,1.88E+01,9.42E+08,1.96E+09,1.02E+09,9.04E+01,1.77E-01,4.52E-02,9.53E+01,1.86E-01,4.77E-02,1.21E+01,2.74E+00,5.42E+00,2.09E+03,3.84E+06,1.96E+07,2.08E+05,1.07E+06,1.39E+00,0.00E+00,6.92E-01,1.00E+02,1.95E+07,9.97E+07,1.55E+00,2.82E+01,0.00E+00,0.00E+00,4.41E+01,2.85E+01,0.00E+00,6.57E+01,7.48E+00,0.00E+00,3.03E+07,1.55E+08,5.34E+06,2.73E+07,7.32E+01,8.97E-01,4.90E+01,,1.77E-01,,4.52E-02,,1.86E-01,,4.77E-02
827273700000,1.95E-01,5.12E+00,6.50E+08,2.17E+01,1.35E+09,2.26E+09,9.01E+08,4.92E+01,9.61E-02,2.46E-02,9.35E+01,1.83E-01,4.68E-02,2.28E+01,1.75E+00,2.19E+01,4.02E+03,7.23E+06,3.70E+07,1.58E+06,8.10E+06,1.21E+00,0.00E+00,3.28E-01,1.00E+02,1.17E+07,5.97E+07,1.38E+00,1.38E+01,0.00E+00,0.00E+00,4.03E+01,3.46E+01,0.00E+00,3.19E+01,1.49E+01,0.00E+00,1.61E+07,8.23E+07,8.72E+06,4.46E+07,4.68E+01,4.26E-01,5.53E+01,,9.61E-02,,2.46E-02,,1.83E-01,,4.68E-02
827273750000,1.40E-01,7.15E+00,6.50E+08,3.03E+01,1.73E+09,3.15E+09,1.42E+09,9.66E+01,1.35E-01,4.83E-02,6.38E+01,8.91E-02,3.19E-02,9.98E+00,1.73E+00,2.88E+01,2.97E+03,2.27E+06,1.62E+07,6.53E+05,4.67E+06,1.09E+00,0.00E+00,8.65E-01,1.00E+02,1.71E+07,1.22E+08,1.68E+00,3.85E+01,0.00E+00,0.00E+00,2.23E+01,4.23E+01,0.00E+00,4.41E+01,7.16E+00,0.00E+00,2.87E+07,2.05E+08,2.46E+06,1.76E+07,5.13E+01,4.29E-03,7.67E+01,,1.35E-01,,4.83E-02,,8.91E-02,,3.19E-02
827273800000,1.05E-01,9.54E+00,6.50E+08,2.88E+01,1.77E+09,3.00E+09,1.23E+09,6.34E+01,6.65E-02,3.17E-02,7.70E+01,8.08E-02,3.85E-02,2.05E+01,1.61E+00,3.53E+01,7.99E+03,3.49E+06,3.32E+07,1.23E+06,1.17E+07,1.04E+00,0.00E+00,2.84E-01,1.00E+02,9.16E+06,8.73E+07,1.12E+00,1.57E+01,0.00E+00,0.00E+00,3.37E+01,4.36E+01,0.00E+00,3.19E+01,1.44E+01,0.00E+00,1.03E+07,9.82E+07,3.61E+06,3.45E+07,4.63E+01,7.17E-01,7.45E+01,,6.65E-02,,3.17E-02,,8.08E-02,,3.85E-02
827273850000,8.86E-02,1.13E+01,6.50E+08,1.10E+01,5.60E+08,1.50E+09,9.38E+08,9.61E+01,8.52E-02,4.80E-02,4.16E+00,3.69E-03,2.08E-03,4.06E-04,3.63E+02,1.00E+02,1.50E+00,5.85E+01,8.68E+02,5.85E+01,8.68E+02,2.00E+00,0.00E+00,2.09E-01,1.00E+02,7.72E+06,1.15E+08,1.00E+00,4.39E+00,0.00E+00,0.00E+00,6.06E+01,6.13E+01,0.00E+00,5.07E+01,7.78E-04,0.00E+00,7.72E+06,1.15E+08,1.17E+02,1.74E+03,5.07E+01,1.93E+00,6.35E+01,,8.52E-02,,4.80E-02,,3.69E-03,,2.08E-03
827273900000,6.97E-02,1.43E+01,6.50E+08,2.75E+01,2.19E+09,3.52E+09,1.32E+09,5.15E+01,3.60E-02,2.58E-02,7.81E+01,5.45E-02,3.91E-02,2.21E+01,1.60E+00,3.47E+01,1.20E+04,2.37E+06,4.41E+07,8.22E+05,1.53E+07,1.04E+00,0.00E+00,2.29E-01,1.00E+02,4.72E+06,8.79E+07,1.20E+00,1.27E+01,0.00E+00,0.00E+00,2.09E+01,4.30E+01,0.00E+00,1.72E+01,1.54E+01,0.00E+00,5.67E+06,1.05E+08,2.46E+06,4.58E+07,3.26E+01,1.92E-01,8.56E+01,,3.60E-02,,2.58E-02,,5.45E-02,,3.91E-02
827273950000,1.94E-01,5.15E+00,6.50E+08,1.41E+01,5.95E+08,1.54E+09,9.44E+08,9.44E+01,1.83E-01,4.72E-02,9.06E+00,1.76E-02,4.53E-03,2.34E-01,3.96E+00,9.06E+00,1.90E+02,7.39E+04,4.00E+05,6.70E+03,3.62E+04,1.20E+00,0.00E+00,2.78E-01,1.00E+02,2.18E+07,1.18E+08,1.03E+00,8.02E+00,0.00E+00,0.00E+00,5.75E+01,7.88E+01,0.00E+00,6.39E+01,3.46E-01,0.00E+00,2.24E+07,1.21E+08,8.85E+04,4.79E+05,6.43E+01,2.06E+00,5.52E+01,,1.83E-01,,4.72E-02,,1.76E-02,,4.53E-03
827274000000,2.06E-01,4.86E+00,6.50E+08,0.00E+00,,,,3.57E+01,7.35E-02,1.79E-02,4.23E+00,8.72E-03,2.12E-03,0.00E+00,,,,0.00E+00,,0.00E+00,,,,0.00E+00,1.00E+02,0.00E+00,,,0.00E+00,0.00E+00,,,,0.00E+00,0.00E+00,0.00E+00,0.00E+00,0.00E+00,,0.00E+00,,0.00E+00,0.00E+00,1.00E+02,,7.35E-02,,1.79E-02,,8.72E-03,,2.12E-03
827274050000,2.06E-01,4.86E+00,6.50E+08,2.27E+01,2.06E+09,3.21E+09,1.15E+09,3.43E+01,7.07E-02,1.72E-02,6.44E+01,1.33E-01,3.22E-02,1.97E+01,1.63E+00,3.23E+01,8.82E+03,5.95E+06,4.35E+07,1.92E+06,1.40E+07,1.08E+00,0.00E+00,1.25E-01,1.00E+02,1.07E+07,7.81E+07,1.02E+00,5.38E+00,0.00E+00,0.00E+00,2.44E+01,4.04E+01,0.00E+00,1.38E+01,1.34E+01,0.00E+00,1.09E+07,7.95E+07,6.42E+06,4.69E+07,2.72E+01,8.87E-02,8.05E+01,,7.07E-02,,1.72E-02,,1.33E-01,,3.22E-02
827274100000,2.06E-01,4.86E+00,6.50E+08,2.01E+01,9.91E+08,2.09E+09,1.10E+09,8.98E+01,1.85E-01,4.49E-02,3.74E+01,7.71E-02,1.87E-02,5.10E+00,1.62E+00,3.18E+01,2.60E+03,1.71E+06,8.28E+06,5.43E+05,2.64E+06,1.02E+00,0.00E+00,4.01E-01,1.00E+02,2.35E+07,1.14E+08,1.16E+00,2.14E+01,0.00E+00,0.00E+00,4.79E+01,4.77E+01,0.00E+00,6.10E+01,3.88E+00,0.00E+00,2.72E+07,1.32E+08,1.74E+06,8.46E+06,6.48E+01,1.15E+00,6.08E+01,,1.85E-01,,4.49E-02,,7.71E-02,,1.87E-02
827274150000,8.76E-02,1.14E+01,6.50E+08,2.74E+01,1.69E+09,2.85E+09,1.16E+09,7.78E+01,6.82E-02,3.89E-02,6.08E+01,5.33E-02,3.04E-02,1.55E+01,1.77E+00,2.49E+01,4.48E+03,2.21E+06,2.52E+07,5.51E+05,6.29E+06,1.14E+00,0.00E+00,2.74E-01,1.00E+02,8.35E+06,9.53E+07,1.10E+00,9.04E+00,0.00E+00,0.00E+00,3.45E+01,3.75E+01,0.00E+00,3.47E+01,1.04E+01,0.00E+00,9.18E+06,1.05E+08,2.52E+06,2.87E+07,4.51E+01,1.42E+00,7.52E+01,,6.82E-02,,3.89E-02,,5.33E-02,,3.04E-02
827274200000,9.12E-02,1.10E+01,6.50E+08,2.65E+01,1.44E+09,2.76E+09,1.32E+09,8.93E+01,8.14E-02,4.46E-02,5.37E+01,4.90E-02,2.69E-02,9.97E+00,1.68E+00,3.68E+01,3.55E+03,1.48E+06,1.62E+07,5.44E+05,5.97E+06,1.02E+00,0.00E+00,4.55E-01,1.00E+02,1.10E+07,1.21E+08,1.20E+00,1.89E+01,0.00E+00,0.00E+00,3.81E+01,4.66E+01,0.00E+00,5.31E+01,7.38E+00,0.00E+00,1.32E+07,1.45E+08,1.50E+06,1.65E+07,6.05E+01,7.76E-01,6.62E+01,,8.14E-02,,4.46E-02,,4.90E-02,,2.69E-02
827274250000,1.57E-01,6.36E+00,6.50E+08,2.51E+01,1.33E+09,2.61E+09,1.29E+09,9.60E+01,1.51E-01,4.80E-02,7.89E+01,1.24E-01,3.95E-02,1.39E+01,2.54E+00,8.26E+00,1.96E+03,3.55E+06,2.26E+07,2.93E+05,1.87E+06,1.40E+00,0.00E+00,4.50E-01,1.00E+02,2.04E+07,1.30E+08,1.21E+00,1.61E+01,0.00E+00,0.00E+00,3.18E+01,2.84E+01,0.00E+00,4.82E+01,8.64E+00,0.00E+00,2.47E+07,1.57E+08,4.97E+06,3.16E+07,5.68E+01,4.00E-01,6.37E+01,,1.51E-01,,4.80E-02,,1.24E-01,,3.95E-02
827274300000,1.57E-01,6.36E+00,6.50E+08,2.01E+01,1.02E+09,2.09E+09,1.07E+09,9.53E+01,1.50E-01,4.76E-02,9.57E+01,1.50E-01,4.78E-02,1.21E+01,2.67E+00,5.94E+00,1.95E+03,3.09E+06,1.96E+07,1.83E+05,1.17E+06,1.38E+00,0.00E+00,7.63E-01,1.00E+02,1.64E+07,1.04E+08,1.60E+00,3.14E+01,0.00E+00,0.00E+00,4.33E+01,2.87E+01,0.00E+00,6.97E+01,7.48E+00,0.00E+00,2.63E+07,1.67E+08,4.26E+06,2.71E+07,7.72E+01,4.87E-01,5.04E+01,,1.50E-01,,4.76E-02,,1.50E-01,,4.78E-02
827274350000,1.49E-01,6.71E+00,6.50E+08,1.82E+01,9.05E+08,1.89E+09,9.88E+08,8.34E+01,1.24E-01,4.17E-02,9.42E+01,1.41E-01,4.71E-02,1.45E+01,2.87E+00,5.19E+00,2.02E+03,3.51E+06,2.35E+07,1.82E+05,1.22E+06,1.39E+00,0.00E+00,7.01E-01,1.00E+02,1.45E+07,9.72E+07,1.61E+00,3.15E+01,0.00E+00,0.00E+00,4.09E+01,2.84E+01,0.00E+00,6.14E+01,8.91E+00,0.00E+00,2.33E+07,1.56E+08,4.87E+06,3.27E+07,7.03E+01,2.78E-01,4.49E+01,,1.24E-01,,4.17E-02,,1.41E-01,,4.71E-02
827274400000,1.07E-01,9.35E+00,6.50E+08,3.73E+01,2.45E+09,3.88E+09,1.43E+09,6.85E+01,7.32E-02,3.42E-02,9.13E+01,9.76E-02,4.56E-02,2.27E+01,1.63E+00,3.81E+01,7.34E+03,3.94E+06,3.68E+07,1.50E+06,1.40E+07,1.02E+00,0.00E+00,4.79E-01,1.00E+02,9.96E+06,9.31E+07,1.35E+00,2.03E+01,0.00E+00,0.00E+00,2.43E+01,4.45E+01,0.00E+00,2.94E+01,1.61E+01,0.00E+00,1.35E+07,1.26E+08,4.02E+06,3.76E+07,4.55E+01,4.54E-01,8.49E+01,,7.32E-02,,3.42E-02,,9.76E-02,,4.56E-02
827274450000,1.07E-01,9.35E+00,6.50E+08,3.14E+01,1.96E+09,3.27E+09,1.31E+09,6.84E+01,7.31E-02,3.42E-02,5.81E+01,6.21E-02,2.90E-02,1.51E+01,1.61E+00,3.93E+01,6.47E+03,2.63E+06,2.46E+07,1.03E+06,9.66E+06,1.01E+00,0.00E+00,3.00E-01,1.00E+02,1.10E+07,1.03E+08,1.07E+00,1.09E+01,0.00E+00,0.00E+00,2.52E+01,4.56E+01,0.00E+00,2.68E+01,1.09E+01,0.00E+00,1.18E+07,1.10E+08,2.66E+06,2.49E+07,3.77E+01,6.23E-01,6.52E+01,,7.31E-02,,3.42E-02,,6.21E-02,,2.90E-02
827274500000,8.69E-02,1.15E+01,6.50E+08,2.53E+01,1.47E+09,2.63E+09,1.16E+09,9.58E+01,8.33E-02,4.79E-02,6.85E+01,5.95E-02,3.42E-02,7.77E+00,1.71E+00,4.31E+01,9.28E+03,1.10E+06,1.26E+07,4.73E+05,5.44E+06,1.01E+00,0.00E+00,2.88E-01,1.00E+02,9.60E+06,1.10E+08,1.04E+00,7.03E+00,0.00E+00,0.00E+00,4.88E+01,4.40E+01,0.00E+00,5.41E+01,5.39E+00,0.00E+00,1.00E+07,1.15E+08,1.11E+06,1.27E+07,5.95E+01,3.14E+00,6.64E+01,,8.33E-02,,4.79E-02,,5.95E-02,,3.42E-02
827274550000,8.97E-02,1.11E+01,6.50E+08,2.77E+01,1.61E+09,2.88E+09,1.27E+09,6.93E+01,6.21E-02,3.46E-02,3.63E+01,3.26E-02,1.82E-02,1.09E+01,1.66E+00,3.61E+01,4.02E+03,1.58E+06,1.76E+07,5.72E+05,6.37E+06,1.01E+00,0.00E+00,3.16E-01,1.00E+02,9.99E+06,1.11E+08,1.06E+00,9.44E+00,0.00E+00,0.00E+00,3.05E+01,4.62E+01,0.00E+00,3.45E+01,7.95E+00,0.00E+00,1.06E+07,1.18E+08,1.61E+06,1.79E+07,4.24E+01,4.05E-01,6.01E+01,,6.21E-02,,3.46E-02,,3.26E-02,,1.82E-02
827274600000,1.01E-01,9.90E+00,6.50E+08,2.75E+01,1.69E+09,2.86E+09,1.17E+09,9.59E+01,9.69E-02,4.80E-02,7.71E+01,7.79E-02,3.85E-02,9.26E+00,1.60E+00,3.80E+01,3.10E+04,1.52E+06,1.50E+07,5.78E+05,5.72E+06,1.01E+00,0.00E+00,3.01E-01,1.00E+02,1.13E+07,1.11E+08,1.06E+00,7.73E+00,0.00E+00,0.00E+00,4.38E+01,4.40E+01,0.00E+00,4.99E+01,6.42E+00,0.00E+00,1.20E+07,1.19E+08,1.53E+06,1.52E+07,5.64E+01,3.17E+00,7.12E+01,,9.69E-02,,4.80E-02,,7.79E-02,,3.85E-02
827274650000,9.89E-02,1.01E+01,6.50E+08,2.49E+01,1.39E+09,2.59E+09,1.20E+09,6.85E+01,6.78E-02,3.42E-02,3.67E+01,3.63E-02,1.84E-02,9.36E+00,1.66E+00,4.01E+01,3.78E+03,1.51E+06,1.52E+07,6.03E+05,6.10E+06,1.02E+00,0.00E+00,2.96E-01,1.00E+02,1.06E+07,1.08E+08,1.04E+00,8.71E+00,0.00E+00,0.00E+00,3.44E+01,4.65E+01,0.00E+00,3.69E+01,6.91E+00,0.00E+00,1.10E+07,1.12E+08,1.53E+06,1.54E+07,4.38E+01,1.11E+00,5.66E+01,,6.78E-02,,3.42E-02,,3.63E-02,,1.84E-02
827274700000,9.23E-02,1.08E+01,6.50E+08,2.88E+01,1.77E+09,2.99E+09,1.22E+09,9.58E+01,8.84E-02,4.79E-02,6.58E+01,6.07E-02,3.29E-02,9.55E+00,1.62E+00,3.80E+01,1.95E+04,1.43E+06,1.55E+07,5.45E+05,5.90E+06,1.01E+00,0.00E+00,3.16E-01,1.00E+02,1.04E+07,1.13E+08,1.09E+00,8.49E+00,0.00E+00,0.00E+00,3.80E+01,4.41E+01,0.00E+00,4.47E+01,6.63E+00,0.00E+00,1.13E+07,1.22E+08,1.44E+06,1.56E+07,5.14E+01,2.61E+00,7.36E+01,,8.84E-02,,4.79E-02,,6.07E-02,,3.29E-02
827274750000,9.66E-02,1.03E+01,6.50E+08,2.43E+01,1.34E+09,2.53E+09,1.19E+09,6.78E+01,6.55E-02,3.39E-02,4.44E+01,4.29E-02,2.22E-02,9.90E+00,1.69E+00,4.02E+01,3.81E+03,1.55E+06,1.61E+07,6.24E+05,6.46E+06,1.02E+00,0.00E+00,2.79E-01,1.00E+02,1.02E+07,1.06E+08,1.01E+00,7.76E+00,0.00E+00,0.00E+00,4.05E+01,4.63E+01,0.00E+00,4.17E+01,7.27E+00,0.00E+00,1.03E+07,1.07E+08,1.58E+06,1.63E+07,4.89E+01,8.41E-01,5.49E+01,,6.55E-02,,3.39E-02,,4.29E-02,,2.22E-02
827274800000,1.05E-01,9.55E+00,6.50E+08,2.83E+01,1.75E+09,2.94E+09,1.19E+09,9.58E+01,1.00E-01,4.79E-02,6.75E+01,7.07E-02,3.38E-02,9.39E+00,1.59E+00,3.79E+01,2.17E+04,1.60E+06,1.53E+07,6.06E+05,5.79E+06,1.01E+00,0.00E+00,3.13E-01,1.00E+02,1.15E+07,1.10E+08,1.09E+00,8.60E+00,0.00E+00,0.00E+00,3.63E+01,4.42E+01,0.00E+00,4.19E+01,6.54E+00,0.00E+00,1.26E+07,1.20E+08,1.61E+06,1.54E+07,4.85E+01,3.15E+00,7.41E+01,,1.00E-01,,4.79E-02,,7.07E-02,,3.38E-02
827274850000,1.01E-01,9.88E+00,6.50E+08,2.22E+01,1.20E+09,2.31E+09,1.11E+09,6.62E+01,6.70E-02,3.31E-02,4.08E+01,4.13E-02,2.04E-02,8.41E+00,1.69E+00,4.01E+01,3.44E+03,1.38E+06,1.37E+07,5.55E+05,5.49E+06,1.02E+00,0.00E+00,2.68E-01,1.00E+02,1.03E+07,1.02E+08,1.01E+00,7.59E+00,0.00E+00,0.00E+00,4.12E+01,4.65E+01,0.00E+00,4.09E+01,6.21E+00,0.00E+00,1.04E+07,1.03E+08,1.40E+06,1.39E+07,4.71E+01,1.66E+00,5.46E+01,,6.70E-02,,3.31E-02,,4.13E-02,,2.04E-02
827274900000,9.34E-02,1.07E+01,6.50E+08,2.96E+01,1.86E+09,3.08E+09,1.22E+09,9.57E+01,8.93E-02,4.78E-02,6.71E+01,6.26E-02,3.35E-02,1.09E+01,1.60E+00,3.83E+01,1.83E+04,1.65E+06,1.77E+07,6.31E+05,6.76E+06,1.01E+00,0.00E+00,3.11E-01,1.00E+02,1.02E+07,1.09E+08,1.09E+00,8.65E+00,0.00E+00,0.00E+00,3.47E+01,4.44E+01,0.00E+00,3.96E+01,7.61E+00,0.00E+00,1.11E+07,1.19E+08,1.67E+06,1.78E+07,4.72E+01,3.41E+00,7.48E+01,,8.93E-02,,4.78E-02,,6.26E-02,,3.35E-02
827274950000,9.50E-02,1.05E+01,6.50E+08,2.33E+01,1.28E+09,2.42E+09,1.15E+09,6.60E+01,6.27E-02,3.30E-02,5.10E+01,4.85E-02,2.55E-02,9.09E+00,1.72E+00,4.14E+01,3.84E+03,1.40E+06,1.48E+07,5.81E+05,6.12E+06,1.01E+00,0.00E+00,2.69E-01,1.00E+02,9.80E+06,1.03E+08,1.01E+00,7.17E+00,0.00E+00,0.00E+00,4.30E+01,4.61E+01,0.00E+00,4.32E+01,6.65E+00,0.00E+00,9.93E+06,1.04E+08,1.42E+06,1.50E+07,4.98E+01,1.52E+00,5.64E+01,,6.27E-02,,3.30E-02,,4.85E-02,,2.55E-02
827275000000,9.74E-02,1.03E+01,6.50E+08,2.93E+01,1.82E+09,3.05E+09,1.23E+09,9.59E+01,9.34E-02,4.79E-02,6.24E+01,6.08E-02,3.12E-02,1.02E+01,1.56E+00,3.70E+01,1.59E+04,1.62E+06,1.66E+07,5.98E+05,6.14E+06,1.01E+00,0.00E+00,3.22E-01,1.00E+02,1.10E+07,1.13E+08,1.09E+00,8.98E+00,0.00E+00,0.00E+00,3.43E+01,4.45E+01,0.00E+00,4.04E+01,7.16E+00,0.00E+00,1.20E+07,1.23E+08,1.63E+06,1.67E+07,4.76E+01,2.66E+00,7.30E+01,,9.34E-02,,4.79E-02,,6.08E-02,,3.12E-02
827275050000,7.89E-02,1.27E+01,6.50E+08,2.46E+01,1.38E+09,2.56E+09,1.18E+09,6.66E+01,5.26E-02,3.33E-02,6.42E+01,5.07E-02,3.21E-02,1.01E+01,1.74E+00,4.27E+01,4.53E+03,1.30E+06,1.64E+07,5.55E+05,7.03E+06,1.01E+00,0.00E+00,2.66E-01,1.00E+02,8.10E+06,1.03E+08,1.01E+00,6.97E+00,0.00E+00,0.00E+00,4.44E+01,4.56E+01,0.00E+00,4.43E+01,7.31E+00,0.00E+00,8.19E+06,1.04E+08,1.32E+06,1.67E+07,5.16E+01,1.98E+00,5.81E+01,,6.59E-02,,3.33E-02,,6.35E-02,,3.21E-02
827275100000,4.97E-02,2.01E+01,6.50E+08,2.88E+01,1.69E+09,3.00E+09,1.31E+09,9.63E+01,4.78E-02,4.81E-02,5.30E+01,2.64E-02,2.65E-02,6.28E+00,1.47E+00,3.26E+01,1.32E+04,5.08E+05,1.02E+07,1.66E+05,3.33E+06,1.01E+00,0.00E+00,4.00E-01,1.00E+02,6.84E+06,1.38E+08,1.08E+00,1.23E+01,0.00E+00,0.00E+00,2.76E+01,4.40E+01,0.00E+00,3.94E+01,4.35E+00,0.00E+00,7.38E+06,1.48E+08,5.11E+05,1.03E+07,4.38E+01,2.56E+00,6.17E+01,5.78E-04,9.64E-02,2.12E-04,4.79E-02,9.05E-04,5.27E-02,3.32E-04,2.62E-02
827275150000,2.72E-02,3.68E+01,6.50E+08,2.36E+01,1.40E+09,2.45E+09,1.06E+09,6.73E+01,1.83E-02,3.36E-02,6.46E+01,1.76E-02,3.23E-02,1.24E+01,1.71E+00,4.29E+01,4.28E+03,5.47E+05,2.01E+07,2.35E+05,8.64E+06,1.01E+00,0.00E+00,1.91E-01,1.00E+02,2.16E+06,7.96E+07,1.00E+00,3.91E+00,0.00E+00,0.00E+00,5.85E+01,4.58E+01,0.00E+00,4.50E+01,8.98E+00,0.00E+00,2.17E+06,7.99E+07,5.54E+05,2.04E+07,5.39E+01,1.93E+00,6.72E+01,6.67E-04,6.96E-02,4.22E-04,3.32E-02,4.90E-04,6.71E-02,3.10E-04,3.20E-02
827275200000,1.10E-01,9.07E+00,6.50E+08,2.70E+01,1.68E+09,2.81E+09,1.14E+09,9.60E+01,1.06E-01,4.80E-02,5.37E+01,5.92E-02,2.69E-02,9.19E+00,1.51E+00,3.38E+01,1.29E+04,1.65E+06,1.49E+07,5.57E+05,5.05E+06,1.01E+00,0.00E+00,3.07E-01,1.00E+02,1.17E+07,1.06E+08,1.09E+00,8.97E+00,0.00E+00,0.00E+00,3.13E+01,4.48E+01,0.00E+00,3.49E+01,6.49E+00,0.00E+00,1.28E+07,1.16E+08,1.66E+06,1.51E+07,4.14E+01,3.43E+00,7.36E+01,,1.06E-01,,4.80E-02,,5.92E-02,,2.69E-02
827275250000,1.25E-01,8.03E+00,6.50E+08,2.04E+01,1.05E+09,2.12E+09,1.08E+09,6.59E+01,8.21E-02,3.29E-02,4.08E+01,5.08E-02,2.04E-02,6.31E+00,1.71E+00,4.01E+01,3.21E+03,1.28E+06,1.03E+07,5.13E+05,4.12E+06,1.01E+00,0.00E+00,2.70E-01,1.00E+02,1.32E+07,1.06E+08,1.01E+00,7.02E+00,0.00E+00,0.00E+00,4.65E+01,4.63E+01,0.00E+00,4.77E+01,4.64E+00,0.00E+00,1.33E+07,1.07E+08,1.30E+06,1.04E+07,5.23E+01,1.86E+00,5.41E+01,,8.21E-02,,3.29E-02,,5.08E-02,,2.04E-02
827275300000,2.03E-01,4.94E+00,6.50E+08,2.41E+01,1.28E+09,2.50E+09,1.23E+09,9.63E+01,1.95E-01,4.81E-02,9.04E+01,1.83E-01,4.52E-02,1.53E+01,2.54E+00,7.57E+00,2.06E+03,5.05E+06,2.49E+07,3.82E+05,1.89E+06,1.40E+00,0.00E+00,4.41E-01,1.00E+02,2.29E+07,1.13E+08,1.24E+00,1.57E+01,0.00E+00,0.00E+00,3.54E+01,2.84E+01,0.00E+00,4.76E+01,9.53E+00,0.00E+00,2.84E+07,1.40E+08,7.05E+06,3.48E+07,5.72E+01,8.15E-01,6.34E+01,,1.95E-01,,4.81E-02,,1.83E-01,,4.52E-02
827275350000,2.03E-01,4.94E+00,6.50E+08,2.05E+01,1.05E+09,2.14E+09,1.09E+09,9.56E+01,1.94E-01,4.78E-02,9.60E+01,1.94E-01,4.80E-02,1.19E+01,2.67E+00,5.94E+00,1.96E+03,3.91E+06,1.93E+07,2.32E+05,1.15E+06,1.38E+00,0.00E+00,8.43E-01,1.00E+02,2.13E+07,1.05E+08,1.70E+00,3.46E+01,0.00E+00,0.00E+00,4.13E+01,2.89E+01,0.00E+00,7.13E+01,7.40E+00,0.00E+00,3.63E+07,1.79E+08,5.40E+06,2.66E+07,7.87E+01,2.40E-01,5.02E+01,,1.94E-01,,4.78E-02,,1.94E-01,,4.80E-02
827275400000,2.03E-01,4.94E+00,6.50E+08,1.80E+01,8.99E+08,1.87E+09,9.76E+08,8.37E+01,1.70E-01,4.19E-02,9.44E+01,1.91E-01,4.72E-02,1.41E+01,2.89E+00,4.89E+00,2.13E+03,4.65E+06,2.29E+07,2.27E+05,1.12E+06,1.39E+00,0.00E+00,7.22E-01,1.00E+02,1.87E+07,9.25E+07,1.68E+00,3.13E+01,0.00E+00,0.00E+00,4.14E+01,2.82E+01,0.00E+00,6.17E+01,8.65E+00,0.00E+00,3.14E+07,1.55E+08,6.46E+06,3.19E+07,7.03E+01,5.20E-01,4.57E+01,,1.70E-01,,4.19E-02,,1.91E-01,,4.72E-02
827275450000,1.58E-01,6.31E+00,6.50E+08,3.39E+01,2.16E+09,3.53E+09,1.37E+09,6.33E+01,1.00E-01,3.17E-02,9.20E+01,1.46E-01,4.60E-02,2.28E+01,1.64E+00,3.12E+01,5.66E+03,5.87E+06,3.70E+07,1.83E+06,1.16E+07,1.07E+00,0.00E+00,3.78E-01,1.00E+02,1.52E+07,9.62E+07,1.21E+00,2.10E+01,0.00E+00,0.00E+00,2.16E+01,4.20E+01,0.00E+00,2.43E+01,1.60E+01,0.00E+00,1.85E+07,1.17E+08,6.26E+06,3.95E+07,4.02E+01,2.48E-01,8.24E+01,,1.00E-01,,3.17E-02,,1.46E-01,,4.60E-02
827275500000,8.53E-02,1.17E+01,6.50E+08,3.18E+01,2.05E+09,3.31E+09,1.26E+09,6.42E+01,5.48E-02,3.21E-02,8.08E+01,6.89E-02,4.04E-02,2.08E+01,1.62E+00,3.14E+01,6.35E+03,2.88E+06,3.38E+07,9.04E+05,1.06E+07,1.04E+00,0.00E+00,3.10E-01,1.00E+02,7.89E+06,9.26E+07,1.12E+00,1.59E+01,0.00E+00,0.00E+00,2.61E+01,4.39E+01,0.00E+00,2.59E+01,1.48E+01,0.00E+00,8.82E+06,1.03E+08,2.99E+06,3.50E+07,4.07E+01,7.06E-01,8.20E+01,,5.48E-02,,3.21E-02,,6.89E-02,,4.04E-02
827275550000,9.11E-02,1.10E+01,6.50E+08,1.91E+01,8.64E+08,1.98E+09,1.12E+09,9.54E+01,8.69E-02,4.77E-02,1.06E+01,9.70E-03,5.32E-03,7.98E-01,6.95E+01,6.03E-01,9.00E+02,1.18E+05,1.30E+06,7.13E+02,7.83E+03,1.38E+00,0.00E+00,2.98E-01,1.00E+02,1.32E+07,1.44E+08,1.03E+00,7.66E+00,0.00E+00,0.00E+00,4.15E+01,2.85E+01,0.00E+00,5.95E+01,4.90E-01,0.00E+00,1.36E+07,1.49E+08,1.63E+05,1.79E+06,6.00E+01,1.44E+00,5.76E+01,,8.69E-02,,4.77E-02,,9.70E-03,,5.32E-03
827275600000,9.79E-02,1.02E+01,6.50E+08,3.25E+01,2.08E+09,3.38E+09,1.30E+09,6.54E+01,6.40E-02,3.27E-02,7.19E+01,7.05E-02,3.60E-02,1.95E+01,1.61E+00,3.22E+01,7.05E+03,3.10E+06,3.17E+07,9.99E+05,1.02E+07,1.03E+00,0.00E+00,2.85E-01,1.00E+02,1.01E+07,1.03E+08,1.08E+00,1.37E+01,0.00E+00,0.00E+00,2.49E+01,4.44E+01,0.00E+00,2.66E+01,1.39E+01,0.00E+00,1.09E+07,1.11E+08,3.19E+06,3.26E+07,4.05E+01,7.78E-01,8.17E+01,,6.40E-02,,3.27E-02,,7.05E-02,,3.60E-02
827275650000,1.33E-01,7.53E+00,6.50E+08,1.92E+01,8.82E+08,2.00E+09,1.12E+09,9.53E+01,1.27E-01,4.76E-02,1.80E+01,2.39E-02,9.00E-03,3.49E+00,4.27E+00,6.40E+00,1.47E+03,7.53E+05,5.67E+06,4.82E+04,3.63E+05,1.38E+00,0.00E+00,2.91E-01,1.00E+02,1.82E+07,1.37E+08,1.03E+00,8.20E+00,0.00E+00,0.00E+00,4.32E+01,2.86E+01,0.00E+00,5.86E+01,2.16E+00,0.00E+00,1.87E+07,1.41E+08,1.04E+06,7.85E+06,6.07E+01,1.21E+00,5.72E+01,,1.27E-01,,4.76E-02,,2.39E-02,,9.00E-03
827275700000,1.91E-01,5.23E+00,6.50E+08,2.29E+01,1.21E+09,2.38E+09,1.17E+09,9.58E+01,1.83E-01,4.79E-02,9.23E+01,1.76E-01,4.62E-02,1.34E+01,2.44E+00,7.18E+00,2.11E+03,4.16E+06,2.18E+07,2.99E+05,1.56E+06,1.39E+00,0.00E+00,7.26E-01,1.00E+02,2.08E+07,1.09E+08,1.57E+00,2.87E+01,0.00E+00,0.00E+00,3.63E+01,2.87E+01,0.00E+00,6.00E+01,8.36E+00,0.00E+00,3.28E+07,1.72E+08,5.78E+06,3.02E+07,6.83E+01,2.92E-01,5.59E+01,,1.83E-01,,4.79E-02,,1.76E-01,,4.62E-02
827275750000,1.91E-01,5.23E+00,6.50E+08,1.81E+01,9.09E+08,1.89E+09,9.77E+08,7.59E+01,1.45E-01,3.79E-02,9.36E+01,1.79E-01,4.68E-02,1.55E+01,2.55E+00,6.27E+00,1.96E+03,4.82E+06,2.52E+07,3.02E+05,1.58E+06,1.39E+00,0.00E+00,6.40E-01,1.00E+02,1.76E+07,9.21E+07,1.57E+00,2.90E+01,0.00E+00,0.00E+00,4.14E+01,2.84E+01,0.00E+00,5.76E+01,9.58E+00,0.00E+00,2.77E+07,1.45E+08,6.71E+06,3.51E+07,6.72E+01,2.40E-01,4.22E+01,,1.45E-01,,3.79E-02,,1.79E-01,,4.68E-02
827275800000,1.91E-01,5.23E+00,6.50E+08,2.72E+01,1.72E+09,2.83E+09,1.11E+09,6.45E+01,1.23E-01,3.22E-02,9.55E+01,1.83E-01,4.77E-02,2.26E+01,1.69E+00,2.42E+01,4.80E+03,7.02E+06,3.67E+07,1.70E+06,8.89E+06,1.16E+00,0.00E+00,4.68E-01,1.00E+02,1.51E+07,7.88E+07,1.42E+00,2.16E+01,0.00E+00,0.00E+00,3.60E+01,3.69E+01,0.00E+00,3.87E+01,1.51E+01,0.00E+00,2.14E+07,1.12E+08,8.11E+06,4.24E+07,5.37E+01,4.59E-01,6.32E+01,,1.23E-01,,3.22E-02,,1.83E-01,,4.77E-02
827275850000,7.01E-02,1.43E+01,6.50E+08,3.77E+01,2.48E+09,3.92E+09,1.44E+09,7.34E+01,5.15E-02,3.67E-02,7.61E+01,5.34E-02,3.81E-02,1.95E+01,1.68E+00,3.43E+01,5.14E+03,2.22E+06,3.17E+07,7.60E+05,1.08E+07,1.02E+00,0.00E+00,4.03E-01,1.00E+02,7.21E+06,1.03E+08,1.21E+00,2.13E+01,0.00E+00,0.00E+00,1.84E+01,4.60E+01,0.00E+00,2.20E+01,1.42E+01,0.00E+00,8.73E+06,1.25E+08,2.25E+06,3.21E+07,3.62E+01,2.05E-02,8.12E+01,,5.15E-02,,3.67E-02,,5.34E-02,,3.81E-02
827275900000,7.41E-02,1.35E+01,6.50E+08,2.27E+01,1.26E+09,2.36E+09,1.10E+09,7.58E+01,5.61E-02,3.79E-02,6.78E+01,5.02E-02,3.39E-02,8.29E+00,1.69E+00,4.43E+01,4.57E+03,9.98E+05,1.35E+07,4.42E+05,5.96E+06,1.01E+00,0.00E+00,2.51E-01,1.00E+02,7.57E+06,1.02E+08,1.00E+00,6.21E+00,0.00E+00,0.00E+00,5.19E+01,4.54E+01,0.00E+00,5.11E+01,5.96E+00,0.00E+00,7.59E+06,1.02E+08,1.01E+06,1.36E+07,5.71E+01,3.26E+00,6.00E+01,,5.61E-02,,3.79E-02,,5.02E-02,,3.39E-02
827275950000,9.49E-02,1.05E+01,6.50E+08,2.92E+01,1.83E+09,3.03E+09,1.20E+09,7.99E+01,7.58E-02,4.00E-02,5.66E+01,5.37E-02,2.83E-02,1.14E+01,1.62E+00,2.81E+01,7.50E+03,1.76E+06,1.86E+07,4.95E+05,5.22E+06,1.01E+00,0.00E+00,3.10E-01,1.00E+02,1.04E+07,1.10E+08,1.09E+00,1.01E+01,0.00E+00,0.00E+00,2.60E+01,4.57E+01,0.00E+00,3.00E+01,8.27E+00,0.00E+00,1.14E+07,1.20E+08,1.78E+06,1.88E+07,3.83E+01,1.68E+00,7.22E+01,,7.58E-02,,4.00E-02,,5.37E-02,,2.83E-02
827276000000,9.55E-02,1.05E+01,6.50E+08,2.38E+01,1.37E+09,2.48E+09,1.11E+09,8.14E+01,7.78E-02,4.07E-02,7.61E+01,7.27E-02,3.80E-02,9.12E+00,1.66E+00,4.18E+01,5.52E+03,1.41E+06,1.48E+07,5.92E+05,6.19E+06,1.01E+00,0.00E+00,2.53E-01,1.00E+02,9.89E+06,1.04E+08,1.00E+00,5.98E+00,0.00E+00,0.00E+00,5.43E+01,4.49E+01,0.00E+00,5.42E+01,6.48E+00,0.00E+00,9.91E+06,1.04E+08,1.43E+06,1.50E+07,6.07E+01,3.13E+00,6.14E+01,,7.78E-02,,4.07E-02,,7.27E-02,,3.80E-02
827276050000,9.58E-02,1.04E+01,6.50E+08,2.81E+01,1.72E+09,2.92E+09,1.20E+09,7.67E+01,7.35E-02,3.84E-02,4.77E+01,4.57E-02,2.39E-02,1.06E+01,1.65E+00,2.90E+01,6.85E+03,1.66E+06,1.73E+07,4.81E+05,5.02E+06,1.01E+00,0.00E+00,3.09E-01,1.00E+02,1.04E+07,1.09E+08,1.09E+00,1.05E+01,0.00E+00,0.00E+00,2.35E+01,4.61E+01,0.00E+00,2.69E+01,7.77E+00,0.00E+00,1.14E+07,1.19E+08,1.68E+06,1.75E+07,3.47E+01,2.16E+00,7.02E+01,,7.35E-02,,3.84E-02,,4.57E-02,,2.39E-02
827276100000,9.32E-02,1.07E+01,6.50E+08,2.30E+01,1.28E+09,2.39E+09,1.12E+09,8.73E+01,8.14E-02,4.37E-02,6.66E+01,6.21E-02,3.33E-02,7.71E+00,1.66E+00,4.42E+01,5.62E+03,1.17E+06,1.25E+07,5.16E+05,5.54E+06,1.01E+00,0.00E+00,2.62E-01,1.00E+02,1.00E+07,1.08E+08,1.00E+00,5.90E+00,0.00E+00,0.00E+00,5.70E+01,4.46E+01,0.00E+00,5.91E+01,5.44E+00,0.00E+00,1.01E+07,1.08E+08,1.18E+06,1.27E+07,6.46E+01,2.55E+00,5.96E+01,,8.14E-02,,4.37E-02,,6.21E-02,,3.33E-02
827276150000,9.25E-02,1.08E+01,6.50E+08,3.06E+01,1.90E+09,3.18E+09,1.28E+09,6.95E+01,6.43E-02,3.48E-02,5.43E+01,5.02E-02,2.72E-02,1.26E+01,1.64E+00,2.93E+01,6.12E+03,1.90E+06,2.05E+07,5.55E+05,6.01E+06,1.01E+00,0.00E+00,3.21E-01,1.00E+02,1.05E+07,1.13E+08,1.09E+00,1.11E+01,0.00E+00,0.00E+00,2.16E+01,4.61E+01,0.00E+00,2.56E+01,9.23E+00,0.00E+00,1.14E+07,1.23E+08,1.92E+06,2.08E+07,3.48E+01,8.92E-01,6.93E+01,,6.43E-02,,3.48E-02,,5.02E-02,,2.72E-02
827276200000,9.83E-02,1.02E+01,6.50E+08,2.31E+01,1.34E+09,2.41E+09,1.06E+09,9.51E+01,9.35E-02,4.76E-02,7.41E+01,7.28E-02,3.71E-02,8.19E+00,1.67E+00,3.58E+01,8.62E+03,1.31E+06,1.33E+07,4.68E+05,4.77E+06,1.01E+00,0.00E+00,2.57E-01,1.00E+02,1.05E+07,1.07E+08,1.00E+00,5.40E+00,0.00E+00,0.00E+00,6.06E+01,4.40E+01,0.00E+00,6.22E+01,5.68E+00,0.00E+00,1.05E+07,1.07E+08,1.32E+06,1.34E+07,6.79E+01,3.13E+00,6.18E+01,,9.35E-02,,4.76E-02,,7.28E-02,,3.71E-02
827276250000,9.87E-02,1.01E+01,6.50E+08,2.92E+01,1.73E+09,3.04E+09,1.31E+09,6.91E+01,6.82E-02,3.45E-02,4.11E+01,4.06E-02,2.06E-02,1.05E+01,1.65E+00,3.41E+01,4.96E+03,1.68E+06,1.70E+07,5.72E+05,5.80E+06,1.02E+00,0.00E+00,3.29E-01,1.00E+02,1.15E+07,1.16E+08,1.09E+00,1.12E+01,0.00E+00,0.00E+00,2.27E+01,4.66E+01,0.00E+00,2.76E+01,7.73E+00,0.00E+00,1.25E+07,1.27E+08,1.70E+06,1.73E+07,3.53E+01,5.72E-01,6.67E+01,,6.82E-02,,3.45E-02,,4.06E-02,,2.06E-02
827276300000,9.55E-02,1.05E+01,6.50E+08,2.39E+01,1.38E+09,2.48E+09,1.10E+09,9.54E+01,9.11E-02,4.77E-02,7.36E+01,7.03E-02,3.68E-02,7.88E+00,1.68E+00,3.76E+01,9.57E+03,1.22E+06,1.28E+07,4.60E+05,4.81E+06,1.01E+00,0.00E+00,2.71E-01,1.00E+02,1.04E+07,1.09E+08,1.02E+00,6.21E+00,0.00E+00,0.00E+00,5.50E+01,4.40E+01,0.00E+00,5.90E+01,5.47E+00,0.00E+00,1.06E+07,1.11E+08,1.23E+06,1.29E+07,6.44E+01,3.02E+00,6.39E+01,,9.11E-02,,4.77E-02,,7.03E-02,,3.68E-02
827276350000,9.51E-02,1.05E+01,6.50E+08,2.76E+01,1.64E+09,2.87E+09,1.23E+09,6.64E+01,6.32E-02,3.32E-02,3.72E+01,3.54E-02,1.86E-02,1.08E+01,1.65E+00,3.29E+01,4.88E+03,1.66E+06,1.75E+07,5.47E+05,5.75E+06,1.02E+00,0.00E+00,3.03E-01,1.00E+02,1.04E+07,1.09E+08,1.07E+00,1.02E+01,0.00E+00,0.00E+00,2.48E+01,4.65E+01,0.00E+00,2.79E+01,7.94E+00,0.00E+00,1.11E+07,1.17E+08,1.69E+06,1.78E+07,3.58E+01,8.15E-01,6.52E+01,,6.32E-02,,3.32E-02,,3.54E-02,,1.86E-02
827276400000,9.16E-02,1.09E+01,6.50E+08,2.41E+01,1.40E+09,2.51E+09,1.11E+09,9.55E+01,8.75E-02,4.77E-02,6.67E+01,6.11E-02,3.33E-02,7.47E+00,1.68E+00,3.96E+01,1.03E+04,1.11E+06,1.21E+07,4.40E+05,4.80E+06,1.01E+00,0.00E+00,2.77E-01,1.00E+02,9.93E+06,1.08E+08,1.04E+00,7.00E+00,0.00E+00,0.00E+00,4.97E+01,4.40E+01,0.00E+00,5.39E+01,5.18E+00,0.00E+00,1.03E+07,1.13E+08,1.12E+06,1.22E+07,5.91E+01,3.39E+00,6.65E+01,,8.75E-02,,4.77E-02,,6.11E-02,,3.33E-02
827276450000,9.23E-02,1.08E+01,6.50E+08,2.74E+01,1.61E+09,2.85E+09,1.24E+09,6.88E+01,6.35E-02,3.44E-02,3.58E+01,3.30E-02,1.79E-02,1.12E+01,1.70E+00,3.17E+01,4.46E+03,1.67E+06,1.81E+07,5.31E+05,5.75E+06,1.01E+00,0.00E+00,2.98E-01,1.00E+02,1.02E+07,1.11E+08,1.05E+00,9.93E+00,0.00E+00,0.00E+00,2.98E+01,4.63E+01,0.00E+00,3.33E+01,8.19E+00,0.00E+00,1.07E+07,1.16E+08,1.70E+06,1.84E+07,4.15E+01,4.27E-01,6.15E+01,,6.35E-02,,3.44E-02,,3.30E-02,,1.79E-02
827276500000,9.47E-02,1.06E+01,6.50E+08,2.67E+01,1.63E+09,2.77E+09,1.14E+09,9.59E+01,9.08E-02,4.80E-02,7.28E+01,6.90E-02,3.64E-02,8.96E+00,1.62E+00,3.44E+01,2.34E+04,1.38E+06,1.46E+07,4.75E+05,5.01E+06,1.01E+00,0.00E+00,2.91E-01,1.00E+02,1.04E+07,1.10E+08,1.06E+00,7.78E+00,0.00E+00,0.00E+00,4.33E+01,4.40E+01,0.00E+00,4.87E+01,6.21E+00,0.00E+00,1.11E+07,1.17E+08,1.39E+06,1.47E+07,5.50E+01,3.20E+00,7.18E+01,,9.08E-02,,4.80E-02,,6.90E-02,,3.64E-02
827276550000,9.61E-02,1.04E+01,6.50E+08,2.52E+01,1.43E+09,2.62E+09,1.19E+09,6.75E+01,6.48E-02,3.37E-02,4.43E+01,4.25E-02,2.21E-02,1.04E+01,1.69E+00,3.68E+01,3.99E+03,1.62E+06,1.69E+07,5.97E+05,6.21E+06,1.02E+00,0.00E+00,2.75E-01,1.00E+02,1.01E+07,1.05E+08,1.03E+00,8.57E+00,0.00E+00,0.00E+00,3.49E+01,4.64E+01,0.00E+00,3.62E+01,7.66E+00,0.00E+00,1.04E+07,1.08E+08,1.65E+06,1.72E+07,4.39E+01,1.51E+00,5.92E+01,,6.48E-02,,3.37E-02,,4.25E-02,,2.21E-02
827276600000,9.91E-02,1.01E+01,6.50E+08,2.71E+01,1.68E+09,2.82E+09,1.14E+09,9.57E+01,9.48E-02,4.79E-02,7.27E+01,7.20E-02,3.63E-02,8.55E+00,1.62E+00,3.19E+01,3.43E+04,1.38E+06,1.39E+07,4.39E+05,4.43E+06,1.01E+00,0.00E+00,3.00E-01,1.00E+02,1.10E+07,1.11E+08,1.08E+00,8.42E+00,0.00E+00,0.00E+00,3.92E+01,4.40E+01,0.00E+00,4.52E+01,5.92E+00,0.00E+00,1.19E+07,1.20E+08,1.39E+06,1.40E+07,5.12E+01,4.00E+00,7.43E+01,,9.48E-02,,4.79E-02,,7.20E-02,,3.63E-02
827276650000,9.65E-02,1.04E+01,6.50E+08,2.49E+01,1.38E+09,2.59E+09,1.20E+09,6.77E+01,6.53E-02,3.38E-02,4.61E+01,4.44E-02,2.30E-02,1.05E+01,1.69E+00,3.87E+01,4.03E+03,1.64E+06,1.70E+07,6.34E+05,6.58E+06,1.02E+00,0.00E+00,2.73E-01,1.00E+02,1.04E+07,1.08E+08,1.01E+00,7.99E+00,0.00E+00,0.00E+00,3.99E+01,4.64E+01,0.00E+00,4.16E+01,7.71E+00,0.00E+00,1.05E+07,1.08E+08,1.67E+06,1.73E+07,4.93E+01,9.08E-01,5.61E+01,,6.53E-02,,3.38E-02,,4.44E-02,,2.30E-02
827276700000,9.19E-02,1.09E+01,6.50E+08,2.79E+01,1.76E+09,2.91E+09,1.15E+09,9.61E+01,8.83E-02,4.81E-02,6.54E+01,6.01E-02,3.27E-02,9.75E+00,1.60E+00,3.09E+01,1.83E+04,1.46E+06,1.59E+07,4.50E+05,4.90E+06,1.01E+00,0.00E+00,2.98E-01,1.00E+02,9.97E+06,1.09E+08,1.09E+00,8.99E+00,0.00E+00,0.00E+00,3.51E+01,4.44E+01,0.00E+00,3.98E+01,6.83E+00,0.00E+00,1.08E+07,1.18E+08,1.47E+06,1.60E+07,4.66E+01,3.14E+00,7.50E+01,,8.83E-02,,4.81E-02,,6.01E-02,,3.27E-02
827276750000,9.50E-02,1.05E+01,6.50E+08,2.48E+01,1.41E+09,2.58E+09,1.17E+09,6.65E+01,6.32E-02,3.33E-02,6.63E+01,6.30E-02,3.32E-02,1.09E+01,1.68E+00,4.27E+01,4.60E+03,1.69E+06,1.78E+07,7.19E+05,7.57E+06,1.01E+00,0.00E+00,2.53E-01,1.00E+02,9.53E+06,1.00E+08,1.00E+00,7.25E+00,0.00E+00,0.00E+00,4.28E+01,4.59E+01,0.00E+00,4.15E+01,7.95E+00,0.00E+00,9.58E+06,1.01E+08,1.71E+06,1.80E+07,4.94E+01,2.61E+00,5.94E+01,,6.32E-02,,3.33E-02,,6.30E-02,,3.32E-02
827276800000,9.82E-02,1.02E+01,6.50E+08,2.76E+01,1.71E+09,2.87E+09,1.16E+09,9.67E+01,9.50E-02,4.84E-02,5.18E+01,5.09E-02,2.59E-02,9.13E+00,1.60E+00,2.57E+01,1.26E+04,1.46E+06,1.48E+07,3.75E+05,3.81E+06,1.01E+00,0.00E+00,3.12E-01,1.00E+02,1.12E+07,1.14E+08,1.08E+00,9.27E+00,0.00E+00,0.00E+00,3.35E+01,4.49E+01,0.00E+00,3.97E+01,6.47E+00,0.00E+00,1.21E+07,1.23E+08,1.47E+06,1.50E+07,4.62E+01,2.54E+00,7.19E+01,,9.50E-02,,4.84E-02,,5.09E-02,,2.59E-02
827276850000,1.11E-01,8.98E+00,6.50E+08,2.47E+01,1.41E+09,2.57E+09,1.16E+09,6.55E+01,7.29E-02,3.27E-02,7.59E+01,8.45E-02,3.79E-02,1.04E+01,1.67E+00,4.34E+01,4.86E+03,1.89E+06,1.70E+07,8.19E+05,7.36E+06,1.01E+00,0.00E+00,2.52E-01,1.00E+02,1.13E+07,1.01E+08,1.00E+00,6.81E+00,0.00E+00,0.00E+00,4.61E+01,4.57E+01,0.00E+00,4.50E+01,7.55E+00,0.00E+00,1.13E+07,1.01E+08,1.91E+06,1.72E+07,5.25E+01,2.65E+00,6.00E+01,,7.29E-02,,3.27E-02,,8.45E-02,,3.79E-02
827276900000,1.25E-01,7.97E+00,6.50E+08,2.60E+01,1.60E+09,2.70E+09,1.10E+09,9.59E+01,1.20E-01,4.80E-02,4.71E+01,5.91E-02,2.35E-02,8.54E+00,1.62E+00,2.43E+01,1.12E+04,1.74E+06,1.39E+07,4.23E+05,3.37E+06,1.01E+00,0.00E+00,2.99E-01,1.00E+02,1.35E+07,1.08E+08,1.09E+00,9.16E+00,0.00E+00,0.00E+00,3.15E+01,4.51E+01,0.00E+00,3.56E+01,6.08E+00,0.00E+00,1.47E+07,1.17E+08,1.76E+06,1.40E+07,4.17E+01,3.58E+00,7.29E+01,,1.20E-01,,4.80E-02,,5.91E-02,,2.35E-02
827276950000,1.27E-01,7.88E+00,6.50E+08,2.01E+01,1.01E+09,2.09E+09,1.08E+09,6.73E+01,8.54E-02,3.36E-02,3.50E+01,4.44E-02,1.75E-02,6.01E+00,1.66E+00,3.58E+01,3.84E+03,1.24E+06,9.77E+06,4.43E+05,3.49E+06,1.02E+00,0.00E+00,2.76E-01,1.00E+02,1.41E+07,1.11E+08,1.00E+00,7.12E+00,0.00E+00,0.00E+00,4.81E+01,4.67E+01,0.00E+00,5.16E+01,4.46E+00,0.00E+00,1.41E+07,1.11E+08,1.26E+06,9.93E+06,5.60E+01,1.15E+00,5.35E+01,,8.54E-02,,3.36E-02,,4.44E-02,,1.75E-02
827277000000,1.94E-01,5.14E+00,6.50E+08,2.36E+01,1.23E+09,2.45E+09,1.22E+09,9.62E+01,1.87E-01,4.81E-02,6.85E+01,1.33E-01,3.43E-02,1.21E+01,2.89E+00,6.18E+00,2.09E+03,3.83E+06,1.97E+07,2.36E+05,1.22E+06,1.40E+00,0.00E+00,4.47E-01,1.00E+02,2.37E+07,1.22E+08,1.22E+00,1.54E+01,0.00E+00,0.00E+00,3.48E+01,2.81E+01,0.00E+00,4.98E+01,7.45E+00,0.00E+00,2.90E+07,1.49E+08,5.36E+06,2.76E+07,5.73E+01,5.33E-01,6.35E+01,,1.87E-01,,4.81E-02,,1.33E-01,,3.43E-02
827277050000,1.94E-01,5.14E+00,6.50E+08,1.89E+01,9.60E+08,1.96E+09,1.00E+09,8.41E+01,1.64E-01,4.21E-02,9.37E+01,1.82E-01,4.69E-02,1.36E+01,2.31E+00,8.21E+00,1.90E+03,4.30E+06,2.21E+07,3.53E+05,1.82E+06,1.39E+00,0.00E+00,6.88E-01,1.00E+02,1.77E+07,9.10E+07,1.64E+00,2.76E+01,0.00E+00,0.00E+00,4.24E+01,2.89E+01,0.00E+00,6.10E+01,8.52E+00,0.00E+00,2.91E+07,1.50E+08,5.96E+06,3.07E+07,6.95E+01,6.90E-01,4.51E+01,,1.64E-01,,4.21E-02,,1.82E-01,,4.69E-02
827277100000,1.94E-01,5.14E+00,6.50E+08,1.82E+01,9.29E+08,1.89E+09,9.65E+08,7.65E+01,1.49E-01,3.82E-02,9.28E+01,1.80E-01,4.64E-02,1.55E+01,2.65E+00,6.14E+00,2.04E+03,4.89E+06,2.52E+07,3.01E+05,1.55E+06,1.39E+00,0.00E+00,6.38E-01,1.00E+02,1.77E+07,9.10E+07,1.57E+00,2.85E+01,0.00E+00,0.00E+00,4.14E+01,2.84E+01,0.00E+00,5.71E+01,9.54E+00,0.00E+00,2.79E+07,1.43E+08,6.79E+06,3.49E+07,6.67E+01,3.70E-01,4.24E+01,,1.49E-01,,3.82E-02,,1.80E-01,,4.64E-02
827277150000,1.75E-01,5.73E+00,6.50E+08,3.31E+01,2.12E+09,3.45E+09,1.33E+09,7.03E+01,1.23E-01,3.51E-02,8.41E+01,1.47E-01,4.21E-02,1.85E+01,1.64E+00,3.40E+01,7.18E+03,5.24E+06,3.00E+07,1.78E+06,1.02E+07,1.01E+00,0.00E+00,4.81E-01,1.00E+02,1.68E+07,9.63E+07,1.31E+00,2.54E+01,0.00E+00,0.00E+00,2.36E+01,4.55E+01,0.00E+00,2.87E+01,1.33E+01,0.00E+00,2.21E+07,1.26E+08,5.31E+06,3.04E+07,4.20E+01,8.30E-02,8.59E+01,,1.23E-01,,3.51E-02,,1.47E-01,,4.21E-02
827277200000,1.09E-01,9.18E+00,6.50E+08,1.93E+01,2.37E+09,4.06E+09,1.69E+09,4.70E+01,5.12E-02,2.35E-02,6.88E+01,7.50E-02,3.44E-02,9.26E+00,1.63E+00,3.67E+01,1.60E+04,1.57E+06,3.04E+07,5.76E+05,1.11E+07,1.01E+00,0.00E+00,1.91E-01,1.00E+02,6.89E+06,1.33E+08,1.07E+00,9.22E+00,0.00E+00,0.00E+00,1.09E+01,4.50E+01,0.00E+00,7.40E+00,6.56E+00,0.00E+00,7.40E+06,1.43E+08,1.58E+06,3.06E+07,1.40E+01,1.61E-03,9.53E+01,,5.12E-02,,2.35E-02,,7.50E-02,,3.44E-02
827277250000,1.09E-01,9.18E+00,6.50E+08,1.51E+01,6.30E+08,1.57E+09,9.37E+08,9.41E+01,1.03E-01,4.70E-02,1.51E+01,1.64E-02,7.55E-03,9.05E-01,2.65E+00,6.28E+00,4.65E+02,1.60E+05,1.47E+06,1.01E+04,9.23E+04,1.12E+00,0.00E+00,3.45E-01,1.00E+02,1.22E+07,1.12E+08,1.11E+00,1.25E+01,0.00E+00,0.00E+00,5.61E+01,6.42E+01,0.00E+00,6.68E+01,1.01E+00,0.00E+00,1.35E+07,1.24E+08,1.79E+05,1.64E+06,6.78E+01,2.10E+00,5.32E+01,,1.03E-01,,4.70E-02,,1.64E-02,,7.55E-03
827277300000,1.10E-01,9.07E+00,6.50E+08,2.21E+01,1.54E+09,2.76E+09,1.23E+09,6.89E+01,7.60E-02,3.45E-02,4.88E+01,5.39E-02,2.44E-02,8.84E+00,1.94E+00,2.32E+01,2.83E+03,1.53E+06,1.72E+07,3.56E+05,4.01E+06,1.21E+00,0.00E+00,3.62E-01,1.00E+02,1.08E+07,1.22E+08,1.20E+00,1.07E+01,0.00E+00,0.00E+00,2.28E+01,3.49E+01,0.00E+00,2.67E+01,5.85E+00,0.00E+00,1.30E+07,1.46E+08,1.86E+06,2.09E+07,3.25E+01,5.95E-01,7.48E+01,,7.60E-02,,3.45E-02,,5.39E-02,,2.44E-02
827277350000,1.10E-01,9.06E+00,6.50E+08,2.70E+01,1.59E+09,2.81E+09,1.22E+09,7.41E+01,8.18E-02,3.71E-02,6.07E+01,6.69E-02,3.03E-02,1.41E+01,1.61E+00,3.34E+01,5.90E+03,2.53E+06,2.29E+07,8.44E+05,7.65E+06,1.01E+00,0.00E+00,3.99E-01,1.00E+02,1.16E+07,1.05E+08,1.15E+00,1.84E+01,0.00E+00,0.00E+00,3.69E+01,4.60E+01,0.00E+00,4.30E+01,1.03E+01,0.00E+00,1.34E+07,1.21E+08,2.57E+06,2.32E+07,5.33E+01,7.74E-01,7.22E+01,,8.18E-02,,3.71E-02,,6.69E-02,,3.03E-02
827277400000,8.02E-02,1.25E+01,6.50E+08,2.59E+01,1.53E+09,2.70E+09,1.16E+09,7.29E+01,5.84E-02,3.64E-02,2.77E+01,2.22E-02,1.38E-02,8.94E+00,1.72E+00,3.32E+01,1.05E+04,1.17E+06,1.45E+07,3.87E+05,4.82E+06,1.01E+00,0.00E+00,2.55E-01,1.00E+02,1.00E+07,1.25E+08,1.06E+00,7.66E+00,0.00E+00,0.00E+00,2.77E+01,4.40E+01,0.00E+00,3.54E+01,6.19E+00,0.00E+00,1.06E+07,1.33E+08,1.17E+06,1.46E+07,4.15E+01,5.21E-01,7.32E+01,,5.84E-02,,3.64E-02,,2.22E-02,,1.38E-02
827277450000,7.90E-02,1.27E+01,6.50E+08,2.42E+01,1.35E+09,2.52E+09,1.17E+09,6.39E+01,5.04E-02,3.19E-02,5.10E+01,4.03E-02,2.55E-02,1.06E+01,1.69E+00,4.07E+01,3.85E+03,1.36E+06,1.72E+07,5.54E+05,7.01E+06,1.02E+00,0.00E+00,2.59E-01,1.00E+02,8.03E+06,1.02E+08,1.01E+00,7.39E+00,0.00E+00,0.00E+00,3.78E+01,4.64E+01,0.00E+00,3.74E+01,7.82E+00,0.00E+00,8.13E+06,1.03E+08,1.38E+06,1.75E+07,4.53E+01,1.72E+00,5.87E+01,,5.04E-02,,3.19E-02,,4.03E-02,,2.55E-02
827277500000,9.62E-02,1.04E+01,6.50E+08,2.60E+01,1.62E+09,2.70E+09,1.08E+09,9.58E+01,9.21E-02,4.79E-02,7.31E+01,7.03E-02,3.66E-02,8.36E+00,1.62E+00,2.62E+01,3.34E+04,1.31E+06,1.36E+07,3.42E+05,3.56E+06,1.01E+00,0.00E+00,2.90E-01,1.00E+02,1.03E+07,1.07E+08,1.07E+00,8.41E+00,0.00E+00,0.00E+00,3.83E+01,4.40E+01,0.00E+00,4.23E+01,5.79E+00,0.00E+00,1.11E+07,1.15E+08,1.32E+06,1.37E+07,4.81E+01,5.13E+00,7.56E+01,,9.21E-02,,4.79E-02,,7.03E-02,,3.66E-02
827277550000,1.00E-01,1.00E+01,6.50E+08,2.46E+01,1.37E+09,2.55E+09,1.18E+09,6.51E+01,6.51E-02,3.26E-02,5.32E+01,5.32E-02,2.66E-02,1.08E+01,1.68E+00,4.36E+01,3.89E+03,1.76E+06,1.76E+07,7.67E+05,7.67E+06,1.02E+00,0.00E+00,2.57E-01,1.00E+02,9.99E+06,9.99E+07,1.01E+00,7.38E+00,0.00E+00,0.00E+00,3.83E+01,4.64E+01,0.00E+00,3.72E+01,7.97E+00,0.00E+00,1.01E+07,1.01E+08,1.79E+06,1.79E+07,4.52E+01,1.94E+00,5.87E+01,,6.51E-02,,3.26E-02,,5.32E-02,,2.66E-02
827277600000,1.08E-01,9.30E+00,6.50E+08,2.71E+01,1.69E+09,2.82E+09,1.12E+09,9.58E+01,1.03E-01,4.79E-02,6.74E+01,7.25E-02,3.37E-02,8.82E+00,1.62E+00,2.30E+01,2.05E+04,1.54E+06,1.43E+07,3.54E+05,3.29E+06,1.01E+00,0.00E+00,3.07E-01,1.00E+02,1.22E+07,1.13E+08,1.07E+00,8.92E+00,0.00E+00,0.00E+00,3.70E+01,4.43E+01,0.00E+00,4.31E+01,6.16E+00,0.00E+00,1.30E+07,1.21E+08,1.55E+06,1.45E+07,4.93E+01,3.64E+00,7.35E+01,,1.03E-01,,4.79E-02,,7.25E-02,,3.37E-02
827277650000,1.01E-01,9.88E+00,6.50E+08,2.20E+01,1.18E+09,2.29E+09,1.11E+09,6.76E+01,6.84E-02,3.38E-02,3.74E+01,3.79E-02,1.87E-02,8.36E+00,1.69E+00,3.54E+01,3.50E+03,1.38E+06,1.36E+07,4.87E+05,4.81E+06,1.02E+00,0.00E+00,2.71E-01,1.00E+02,1.08E+07,1.07E+08,1.01E+00,7.47E+00,0.00E+00,0.00E+00,4.24E+01,4.68E+01,0.00E+00,4.38E+01,6.21E+00,0.00E+00,1.09E+07,1.07E+08,1.40E+06,1.38E+07,5.00E+01,1.56E+00,5.50E+01,,6.84E-02,,3.38E-02,,3.79E-02,,1.87E-02
827277700000,8.24E-02,1.21E+01,6.50E+08,3.06E+01,1.93E+09,3.18E+09,1.25E+09,9.63E+01,7.94E-02,4.82E-02,5.93E+01,4.89E-02,2.96E-02,1.24E+01,1.63E+00,3.38E+01,1.18E+04,1.66E+06,2.01E+07,5.60E+05,6.80E+06,1.01E+00,0.00E+00,3.05E-01,1.00E+02,9.12E+06,1.11E+08,1.07E+00,9.57E+00,0.00E+00,0.00E+00,3.24E+01,4.47E+01,0.00E+00,3.70E+01,8.74E+00,0.00E+00,9.80E+06,1.19E+08,1.68E+06,2.03E+07,4.58E+01,2.39E+00,7.36E+01,,7.94E-02,,4.82E-02,,4.89E-02,,2.96E-02
827277750000,8.83E-02,1.13E+01,6.50E+08,2.30E+01,1.23E+09,2.39E+09,1.16E+09,6.75E+01,5.96E-02,3.37E-02,5.77E+01,5.09E-02,2.88E-02,8.51E+00,1.69E+00,4.70E+01,3.89E+03,1.22E+06,1.38E+07,5.74E+05,6.50E+06,1.01E+00,0.00E+00,2.65E-01,1.00E+02,9.32E+06,1.06E+08,1.01E+00,6.82E+00,0.00E+00,0.00E+00,4.68E+01,4.60E+01,0.00E+00,4.78E+01,6.21E+00,0.00E+00,9.37E+06,1.06E+08,1.24E+06,1.40E+07,5.40E+01,2.52E+00,5.77E+01,,5.96E-02,,3.37E-02,,5.09E-02,,2.88E-02
827277800000,9.35E-02,1.07E+01,6.50E+08,3.02E+01,1.92E+09,3.14E+09,1.21E+09,8.65E+01,8.09E-02,4.33E-02,6.11E+01,5.71E-02,3.05E-02,1.24E+01,1.62E+00,2.58E+01,1.05E+04,1.88E+06,2.01E+07,4.86E+05,5.19E+06,1.01E+00,0.00E+00,3.13E-01,1.00E+02,1.05E+07,1.12E+08,1.08E+00,1.01E+01,0.00E+00,0.00E+00,2.84E+01,4.50E+01,0.00E+00,3.31E+01,8.80E+00,0.00E+00,1.13E+07,1.21E+08,1.90E+06,2.03E+07,4.19E+01,2.34E+00,7.29E+01,,8.09E-02,,4.33E-02,,5.71E-02,,3.05E-02
827277850000,9.69E-02,1.03E+01,6.50E+08,2.26E+01,1.24E+09,2.35E+09,1.11E+09,7.64E+01,7.40E-02,3.82E-02,6.74E+01,6.53E-02,3.37E-02,8.22E+00,1.67E+00,4.75E+01,4.78E+03,1.29E+06,1.34E+07,6.15E+05,6.34E+06,1.01E+00,0.00E+00,2.52E-01,1.00E+02,9.87E+06,1.02E+08,1.00E+00,6.16E+00,0.00E+00,0.00E+00,5.15E+01,4.52E+01,0.00E+00,5.06E+01,5.87E+00,0.00E+00,9.90E+06,1.02E+08,1.31E+06,1.35E+07,5.65E+01,3.67E+00,6.02E+01,,7.40E-02,,3.82E-02,,6.53E-02,,3.37E-02
827277900000,9.85E-02,1.02E+01,6.50E+08,2.93E+01,1.84E+09,3.05E+09,1.21E+09,7.86E+01,7.74E-02,3.93E-02,5.79E+01,5.71E-02,2.90E-02,1.18E+01,1.65E+00,2.53E+01,8.56E+03,1.89E+06,1.92E+07,4.78E+05,4.85E+06,1.01E+00,0.00E+00,3.14E-01,1.00E+02,1.10E+07,1.12E+08,1.08E+00,1.01E+01,0.00E+00,0.00E+00,2.57E+01,4.54E+01,0.00E+00,2.98E+01,8.46E+00,0.00E+00,1.19E+07,1.21E+08,1.91E+06,1.94E+07,3.83E+01,1.75E+00,7.18E+01,,7.74E-02,,3.93E-02,,5.71E-02,,2.90E-02
827277950000,1.02E-01,9.77E+00,6.50E+08,2.19E+01,1.20E+09,2.28E+09,1.08E+09,8.22E+01,8.41E-02,4.11E-02,6.52E+01,6.68E-02,3.26E-02,7.39E+00,1.67E+00,4.80E+01,4.99E+03,1.23E+06,1.20E+07,5.90E+05,5.77E+06,1.01E+00,0.00E+00,2.49E-01,1.00E+02,1.04E+07,1.02E+08,1.00E+00,5.79E+00,0.00E+00,0.00E+00,5.47E+01,4.48E+01,0.00E+00,5.36E+01,5.23E+00,0.00E+00,1.04E+07,1.02E+08,1.24E+06,1.21E+07,5.89E+01,3.93E+00,6.06E+01,,8.41E-02,,4.11E-02,,6.68E-02,,3.26E-02
827278000000,1.04E-01,9.62E+00,6.50E+08,2.97E+01,1.86E+09,3.09E+09,1.23E+09,7.44E+01,7.74E-02,3.72E-02,5.68E+01,5.90E-02,2.84E-02,1.25E+01,1.65E+00,2.63E+01,7.85E+03,2.11E+06,2.03E+07,5.55E+05,5.34E+06,1.01E+00,0.00E+00,3.15E-01,1.00E+02,1.16E+07,1.11E+08,1.08E+00,1.05E+01,0.00E+00,0.00E+00,2.31E+01,4.55E+01,0.00E+00,2.67E+01,8.98E+00,0.00E+00,1.25E+07,1.20E+08,2.13E+06,2.05E+07,3.57E+01,1.39E+00,7.13E+01,,7.74E-02,,3.72E-02,,5.90E-02,,2.84E-02
827278050000,9.48E-02,1.06E+01,6.50E+08,1.90E+01,9.23E+08,1.97E+09,1.05E+09,8.84E+01,8.38E-02,4.42E-02,4.24E+01,4.01E-02,2.12E-02,4.25E+00,1.73E+00,5.63E+01,3.56E+03,6.55E+05,6.91E+06,3.69E+05,3.89E+06,1.01E+00,0.00E+00,2.59E-01,1.00E+02,1.01E+07,1.07E+08,1.00E+00,5.76E+00,0.00E+00,0.00E+00,5.77E+01,4.48E+01,0.00E+00,5.93E+01,3.01E+00,0.00E+00,1.01E+07,1.07E+08,6.62E+05,6.99E+06,6.23E+01,3.45E+00,5.71E+01,,8.38E-02,,4.42E-02,,4.01E-02,,2.12E-02
827278100000,9.03E-02,1.11E+01,6.50E+08,3.26E+01,2.12E+09,3.39E+09,1.28E+09,6.76E+01,6.10E-02,3.38E-02,6.50E+01,5.87E-02,3.25E-02,1.57E+01,1.62E+00,2.85E+01,8.19E+03,2.30E+06,2.55E+07,6.56E+05,7.26E+06,1.01E+00,0.00E+00,3.09E-01,1.00E+02,9.74E+06,1.08E+08,1.08E+00,1.10E+01,0.00E+00,0.00E+00,1.93E+01,4.54E+01,0.00E+00,2.17E+01,1.13E+01,0.00E+00,1.05E+07,1.17E+08,2.33E+06,2.58E+07,3.30E+01,1.08E+00,7.25E+01,,6.10E-02,,3.38E-02,,5.87E-02,,3.25E-02
827278150000,9.47E-02,1.06E+01,6.50E+08,2.04E+01,1.08E+09,2.12E+09,1.04E+09,9.44E+01,8.94E-02,4.72E-02,5.62E+01,5.32E-02,2.81E-02,5.44E+00,1.68E+00,5.09E+01,5.39E+03,8.38E+05,8.85E+06,4.26E+05,4.50E+06,1.01E+00,0.00E+00,2.52E-01,1.00E+02,9.93E+06,1.05E+08,1.00E+00,5.35E+00,0.00E+00,0.00E+00,6.06E+01,4.40E+01,0.00E+00,6.11E+01,3.78E+00,0.00E+00,9.93E+06,1.05E+08,8.45E+05,8.92E+06,6.49E+01,4.09E+00,6.00E+01,,8.94E-02,,4.72E-02,,5.32E-02,,2.81E-02
827278200000,9.56E-02,1.05E+01,6.50E+08,3.03E+01,1.90E+09,3.15E+09,1.26E+09,6.66E+01,6.37E-02,3.33E-02,5.72E+01,5.47E-02,2.86E-02,1.32E+01,1.65E+00,2.75E+01,6.97E+03,2.05E+06,2.14E+07,5.63E+05,5.89E+06,1.01E+00,0.00E+00,3.15E-01,1.00E+02,1.06E+07,1.10E+08,1.08E+00,1.08E+01,0.00E+00,0.00E+00,2.02E+01,4.55E+01,0.00E+00,2.32E+01,9.48E+00,0.00E+00,1.14E+07,1.19E+08,2.07E+06,2.16E+07,3.27E+01,8.81E-01,7.08E+01,,6.37E-02,,3.33E-02,,5.47E-02,,2.86E-02
827278250000,9.21E-02,1.09E+01,6.50E+08,2.08E+01,1.14E+09,2.17E+09,1.03E+09,9.46E+01,8.71E-02,4.73E-02,5.98E+01,5.51E-02,2.99E-02,6.30E+00,1.68E+00,4.40E+01,7.58E+03,9.42E+05,1.02E+07,4.14E+05,4.50E+06,1.01E+00,0.00E+00,2.51E-01,1.00E+02,9.61E+06,1.04E+08,1.00E+00,5.30E+00,0.00E+00,0.00E+00,6.06E+01,4.40E+01,0.00E+00,6.08E+01,4.37E+00,0.00E+00,9.61E+06,1.04E+08,9.50E+05,1.03E+07,6.51E+01,4.12E+00,6.10E+01,,8.71E-02,,4.73E-02,,5.51E-02,,2.99E-02
827278300000,9.25E-02,1.08E+01,6.50E+08,3.04E+01,1.85E+09,3.16E+09,1.31E+09,6.87E+01,6.35E-02,3.44E-02,4.99E+01,4.61E-02,2.49E-02,1.23E+01,1.68E+00,2.94E+01,5.75E+03,1.85E+06,2.00E+07,5.44E+05,5.89E+06,1.01E+00,0.00E+00,3.25E-01,1.00E+02,1.07E+07,1.15E+08,1.07E+00,1.10E+01,0.00E+00,0.00E+00,2.17E+01,4.56E+01,0.00E+00,2.58E+01,8.89E+00,0.00E+00,1.14E+07,1.24E+08,1.87E+06,2.02E+07,3.47E+01,5.39E-01,6.89E+01,,6.35E-02,,3.44E-02,,4.61E-02,,2.49E-02
827278350000,9.97E-02,1.00E+01,6.50E+08,2.41E+01,1.45E+09,2.51E+09,1.05E+09,9.50E+01,9.47E-02,4.75E-02,8.05E+01,8.03E-02,4.03E-02,9.22E+00,1.68E+00,3.33E+01,1.44E+04,1.49E+06,1.50E+07,4.98E+05,5.00E+06,1.01E+00,0.00E+00,2.55E-01,1.00E+02,1.04E+07,1.05E+08,1.01E+00,5.66E+00,0.00E+00,0.00E+00,5.77E+01,4.40E+01,0.00E+00,5.85E+01,6.39E+00,0.00E+00,1.05E+07,1.05E+08,1.51E+06,1.51E+07,6.49E+01,3.81E+00,6.50E+01,,9.47E-02,,4.75E-02,,8.03E-02,,4.03E-02
827278400000,9.92E-02,1.01E+01,6.50E+08,2.73E+01,1.55E+09,2.84E+09,1.28E+09,6.79E+01,6.74E-02,3.40E-02,3.72E+01,3.69E-02,1.86E-02,9.39E+00,1.66E+00,3.53E+01,4.37E+03,1.51E+06,1.53E+07,5.35E+05,5.39E+06,1.01E+00,0.00E+00,3.22E-01,1.00E+02,1.14E+07,1.15E+08,1.07E+00,1.06E+01,0.00E+00,0.00E+00,2.40E+01,4.62E+01,0.00E+00,2.83E+01,6.86E+00,0.00E+00,1.22E+07,1.23E+08,1.53E+06,1.55E+07,3.52E+01,8.12E-01,6.50E+01,,6.74E-02,,3.40E-02,,3.69E-02,,1.86E-02
827278450000,9.44E-02,1.06E+01,6.50E+08,2.49E+01,1.52E+09,2.59E+09,1.07E+09,9.52E+01,8.98E-02,4.76E-02,7.96E+01,7.51E-02,3.98E-02,9.03E+00,1.66E+00,3.40E+01,1.68E+04,1.38E+06,1.47E+07,4.71E+05,4.99E+06,1.01E+00,0.00E+00,2.64E-01,1.00E+02,9.86E+06,1.05E+08,1.03E+00,6.54E+00,0.00E+00,0.00E+00,5.08E+01,4.40E+01,0.00E+00,5.25E+01,6.26E+00,0.00E+00,1.01E+07,1.08E+08,1.40E+06,1.48E+07,5.87E+01,4.63E+00,6.89E+01,,8.98E-02,,4.76E-02,,7.51E-02,,3.98E-02
827278500000,9.63E-02,1.04E+01,6.50E+08,2.71E+01,1.53E+09,2.81E+09,1.29E+09,6.86E+01,6.60E-02,3.43E-02,4.03E+01,3.88E-02,2.01E-02,1.00E+01,1.69E+00,3.75E+01,4.11E+03,1.57E+06,1.63E+07,5.88E+05,6.10E+06,1.01E+00,0.00E+00,3.09E-01,1.00E+02,1.10E+07,1.14E+08,1.05E+00,9.86E+00,0.00E+00,0.00E+00,2.92E+01,4.60E+01,0.00E+00,3.34E+01,7.31E+00,0.00E+00,1.15E+07,1.19E+08,1.59E+06,1.65E+07,4.07E+01,5.52E-01,6.22E+01,,6.60E-02,,3.43E-02,,3.88E-02,,2.01E-02
827278550000,1.05E-01,9.54E+00,6.50E+08,2.55E+01,1.56E+09,2.66E+09,1.09E+09,9.59E+01,1.00E-01,4.79E-02,7.35E+01,7.70E-02,3.67E-02,8.43E+00,1.62E+00,3.20E+01,3.34E+04,1.44E+06,1.37E+07,4.59E+05,4.38E+06,1.01E+00,0.00E+00,2.83E-01,1.00E+02,1.13E+07,1.08E+08,1.05E+00,7.70E+00,0.00E+00,0.00E+00,4.36E+01,4.40E+01,0.00E+00,4.76E+01,5.84E+00,0.00E+00,1.19E+07,1.13E+08,1.45E+06,1.38E+07,5.34E+01,4.25E+00,7.19E+01,,1.00E-01,,4.79E-02,,7.70E-02,,3.67E-02
827278600000,1.04E-01,9.66E+00,6.50E+08,2.44E+01,1.33E+09,2.54E+09,1.21E+09,6.85E+01,7.09E-02,3.43E-02,3.67E+01,3.80E-02,1.83E-02,8.93E+00,1.68E+00,3.82E+01,3.79E+03,1.50E+06,1.45E+07,5.74E+05,5.54E+06,1.01E+00,0.00E+00,2.93E-01,1.00E+02,1.15E+07,1.11E+08,1.02E+00,8.51E+00,0.00E+00,0.00E+00,3.55E+01,4.62E+01,0.00E+00,3.88E+01,6.54E+00,0.00E+00,1.18E+07,1.14E+08,1.52E+06,1.47E+07,4.53E+01,5.91E-01,5.73E+01,,7.09E-02,,3.43E-02,,3.80E-02,,1.83E-02
827278650000,9.40E-02,1.06E+01,6.50E+08,3.22E+01,1.97E+09,3.35E+09,1.38E+09,9.61E+01,9.03E-02,4.80E-02,6.61E+01,6.21E-02,3.30E-02,1.23E+01,1.68E+00,4.20E+01,8.57E+03,1.88E+06,2.00E+07,7.91E+05,8.42E+06,1.02E+00,0.00E+00,2.97E-01,1.00E+02,1.14E+07,1.21E+08,1.06E+00,1.23E+01,0.00E+00,0.00E+00,3.55E+01,4.39E+01,0.00E+00,4.37E+01,8.58E+00,0.00E+00,1.21E+07,1.28E+08,1.91E+06,2.03E+07,5.23E+01,1.48E+00,7.36E+01,,9.03E-02,,4.80E-02,,6.21E-02,,3.30E-02
827278700000,9.31E-02,1.07E+01,6.50E+08,2.45E+01,1.32E+09,2.54E+09,1.22E+09,9.57E+01,8.91E-02,4.79E-02,4.77E+01,4.44E-02,2.38E-02,7.25E+00,1.69E+00,2.36E+01,2.96E+03,1.10E+06,1.18E+07,2.59E+05,2.79E+06,1.02E+00,0.00E+00,4.03E-01,1.00E+02,1.20E+07,1.29E+08,1.16E+00,1.70E+01,0.00E+00,0.00E+00,3.93E+01,4.66E+01,0.00E+00,5.66E+01,5.36E+00,0.00E+00,1.40E+07,1.50E+08,1.11E+06,1.20E+07,6.20E+01,2.21E+00,6.36E+01,,8.91E-02,,4.79E-02,,4.44E-02,,2.38E-02
827278750000,9.01E-02,1.11E+01,6.50E+08,3.53E+01,2.22E+09,3.67E+09,1.44E+09,9.59E+01,8.64E-02,4.80E-02,8.17E+01,7.36E-02,4.09E-02,1.54E+01,1.63E+00,4.09E+01,1.45E+04,2.25E+06,2.50E+07,9.20E+05,1.02E+07,1.01E+00,0.00E+00,3.14E-01,1.00E+02,1.06E+07,1.18E+08,1.07E+00,1.30E+01,0.00E+00,0.00E+00,3.09E+01,4.42E+01,0.00E+00,3.75E+01,1.07E+01,0.00E+00,1.14E+07,1.26E+08,2.28E+06,2.53E+07,4.82E+01,2.56E+00,7.88E+01,,8.64E-02,,4.80E-02,,7.36E-02,,4.09E-02
827278800000,8.97E-02,1.11E+01,6.50E+08,2.21E+01,1.13E+09,2.30E+09,1.17E+09,9.46E+01,8.48E-02,4.73E-02,4.06E+01,3.64E-02,2.03E-02,5.58E+00,1.84E+00,3.68E+01,2.27E+03,8.13E+05,9.06E+06,2.99E+05,3.33E+06,1.02E+00,0.00E+00,3.46E-01,1.00E+02,1.09E+07,1.22E+08,1.10E+00,1.19E+01,0.00E+00,0.00E+00,4.58E+01,4.69E+01,0.00E+00,5.89E+01,4.16E+00,0.00E+00,1.20E+07,1.34E+08,8.28E+05,9.23E+06,6.30E+01,2.38E+00,6.02E+01,,8.48E-02,,4.73E-02,,3.64E-02,,2.03E-02
827278850000,8.91E-02,1.12E+01,6.50E+08,3.23E+01,2.09E+09,3.36E+09,1.27E+09,8.02E+01,7.15E-02,4.01E-02,6.41E+01,5.71E-02,3.21E-02,1.45E+01,1.55E+00,3.40E+01,1.00E+04,2.11E+06,2.36E+07,7.17E+05,8.04E+06,1.01E+00,0.00E+00,3.13E-01,1.00E+02,9.48E+06,1.06E+08,1.08E+00,1.05E+01,0.00E+00,0.00E+00,2.37E+01,4.51E+01,0.00E+00,2.63E+01,1.03E+01,0.00E+00,1.03E+07,1.15E+08,2.13E+06,2.39E+07,3.67E+01,2.04E+00,7.34E+01,,7.15E-02,,4.01E-02,,5.71E-02,,3.21E-02
827278900000,9.11E-02,1.10E+01,6.50E+08,2.27E+01,1.18E+09,2.37E+09,1.19E+09,8.27E+01,7.54E-02,4.14E-02,5.74E+01,5.23E-02,2.87E-02,6.63E+00,1.76E+00,5.58E+01,3.32E+03,9.82E+05,1.08E+07,5.48E+05,6.01E+06,1.02E+00,0.00E+00,2.69E-01,1.00E+02,1.04E+07,1.14E+08,1.00E+00,6.23E+00,0.00E+00,0.00E+00,5.23E+01,4.47E+01,0.00E+00,5.77E+01,4.71E+00,0.00E+00,1.05E+07,1.15E+08,9.99E+05,1.10E+07,6.24E+01,2.05E+00,5.73E+01,,7.54E-02,,4.14E-02,,5.23E-02,,2.87E-02
827278950000,9.23E-02,1.08E+01,6.50E+08,3.64E+01,2.33E+09,3.79E+09,1.46E+09,9.56E+01,8.82E-02,4.78E-02,8.44E+01,7.79E-02,4.22E-02,1.47E+01,1.57E+00,3.23E+01,7.04E+03,2.21E+06,2.39E+07,7.14E+05,7.74E+06,1.01E+00,0.00E+00,4.13E-01,1.00E+02,1.17E+07,1.27E+08,1.16E+00,1.93E+01,0.00E+00,0.00E+00,2.36E+01,4.55E+01,0.00E+00,3.35E+01,1.06E+01,0.00E+00,1.36E+07,1.47E+08,2.23E+06,2.42E+07,4.40E+01,2.23E+00,7.33E+01,,8.82E-02,,4.78E-02,,7.79E-02,,4.22E-02
827279000000,9.03E-02,1.11E+01,6.50E+08,2.13E+01,1.17E+09,2.22E+09,1.05E+09,9.44E+01,8.52E-02,4.72E-02,6.86E+01,6.19E-02,3.43E-02,6.75E+00,1.69E+00,5.23E+01,7.31E+03,9.90E+05,1.10E+07,5.18E+05,5.74E+06,1.01E+00,0.00E+00,2.41E-01,1.00E+02,9.05E+06,1.00E+08,1.00E+00,5.13E+00,0.00E+00,0.00E+00,6.06E+01,4.40E+01,0.00E+00,5.84E+01,4.68E+00,0.00E+00,9.05E+06,1.00E+08,9.99E+05,1.11E+07,6.31E+01,5.25E+00,6.28E+01,,8.52E-02,,4.72E-02,,6.19E-02,,3.43E-02
827279050000,8.98E-02,1.11E+01,6.50E+08,2.99E+01,1.85E+09,3.11E+09,1.26E+09,6.69E+01,6.01E-02,3.34E-02,5.11E+01,4.59E-02,2.55E-02,1.19E+01,1.60E+00,3.18E+01,5.51E+03,1.73E+06,1.93E+07,5.51E+05,6.14E+06,1.01E+00,0.00E+00,3.34E-01,1.00E+02,9.80E+06,1.09E+08,1.09E+00,1.08E+01,0.00E+00,0.00E+00,1.93E+01,4.58E+01,0.00E+00,2.20E+01,8.60E+00,0.00E+00,1.06E+07,1.18E+08,1.75E+06,1.95E+07,3.06E+01,1.12E+00,6.88E+01,,6.01E-02,,3.34E-02,,4.59E-02,,2.55E-02
827279100000,1.04E-01,9.64E+00,6.50E+08,2.27E+01,1.35E+09,2.36E+09,1.01E+09,9.43E+01,9.78E-02,4.72E-02,8.42E+01,8.73E-02,4.21E-02,8.89E+00,1.69E+00,3.99E+01,1.08E+04,1.50E+06,1.45E+07,5.99E+05,5.77E+06,1.01E+00,0.00E+00,2.31E-01,1.00E+02,9.97E+06,9.61E+07,1.00E+00,4.90E+00,0.00E+00,0.00E+00,6.06E+01,4.40E+01,0.00E+00,5.60E+01,6.17E+00,0.00E+00,9.97E+06,9.61E+07,1.51E+06,1.46E+07,6.21E+01,6.10E+00,6.60E+01,,9.78E-02,,4.72E-02,,8.73E-02,,4.21E-02
827279150000,1.04E-01,9.64E+00,6.50E+08,2.81E+01,1.65E+09,2.92E+09,1.27E+09,6.69E+01,6.94E-02,3.35E-02,3.86E+01,4.00E-02,1.93E-02,9.72E+00,1.60E+00,3.87E+01,4.73E+03,1.64E+06,1.58E+07,6.34E+05,6.11E+06,1.01E+00,0.00E+00,3.38E-01,1.00E+02,1.15E+07,1.11E+08,1.08E+00,1.08E+01,0.00E+00,0.00E+00,1.98E+01,4.62E+01,0.00E+00,2.28E+01,7.12E+00,0.00E+00,1.24E+07,1.20E+08,1.66E+06,1.60E+07,3.00E+01,6.54E-01,6.61E+01,,6.94E-02,,3.35E-02,,4.00E-02,,1.93E-02
827279200000,1.01E-01,9.90E+00,6.50E+08,2.22E+01,1.28E+09,2.31E+09,1.03E+09,9.45E+01,9.55E-02,4.72E-02,7.73E+01,7.81E-02,3.86E-02,8.03E+00,1.69E+00,4.42E+01,9.52E+03,1.32E+06,1.30E+07,5.83E+05,5.77E+06,1.01E+00,0.00E+00,2.35E-01,1.00E+02,9.86E+06,9.76E+07,1.00E+00,4.99E+00,0.00E+00,0.00E+00,6.06E+01,4.40E+01,0.00E+00,5.68E+01,5.57E+00,0.00E+00,9.86E+06,9.76E+07,1.33E+06,1.32E+07,6.24E+01,5.94E+00,6.49E+01,,9.55E-02,,4.72E-02,,7.81E-02,,3.86E-02
827279250000,1.01E-01,9.92E+00,6.50E+08,2.88E+01,1.73E+09,2.99E+09,1.26E+09,6.64E+01,6.70E-02,3.32E-02,4.72E+01,4.76E-02,2.36E-02,1.06E+01,1.60E+00,3.55E+01,5.11E+03,1.73E+06,1.72E+07,6.16E+05,6.11E+06,1.01E+00,0.00E+00,3.35E-01,1.00E+02,1.10E+07,1.09E+08,1.09E+00,1.07E+01,0.00E+00,0.00E+00,1.94E+01,4.60E+01,0.00E+00,2.22E+01,7.72E+00,0.00E+00,1.20E+07,1.19E+08,1.76E+06,1.74E+07,2.99E+01,1.09E+00,6.73E+01,,6.70E-02,,3.32E-02,,4.76E-02,,2.36E-02
827279300000,9.11E-02,1.10E+01,6.50E+08,2.12E+01,1.11E+09,2.20E+09,1.09E+09,9.49E+01,8.64E-02,4.75E-02,5.58E+01,5.09E-02,2.79E-02,5.87E+00,1.70E+00,5.85E+01,7.59E+03,8.69E+05,9.54E+06,5.08E+05,5.58E+06,1.01E+00,0.00E+00,2.56E-01,1.00E+02,9.70E+06,1.06E+08,1.00E+00,5.40E+00,0.00E+00,0.00E+00,6.06E+01,4.40E+01,0.00E+00,6.20E+01,4.07E+00,0.00E+00,9.70E+06,1.06E+08,8.77E+05,9.62E+06,6.61E+01,3.61E+00,5.98E+01,,8.64E-02,,4.75E-02,,5.09E-02,,2.79E-02
827279350000,9.12E-02,1.10E+01,6.50E+08,3.12E+01,1.94E+09,3.25E+09,1.31E+09,6.93E+01,6.32E-02,3.47E-02,4.89E+01,4.47E-02,2.45E-02,1.27E+01,1.63E+00,3.04E+01,5.66E+03,1.89E+06,2.07E+07,5.75E+05,6.30E+06,1.01E+00,0.00E+00,3.43E-01,1.00E+02,1.03E+07,1.13E+08,1.08E+00,1.12E+01,0.00E+00,0.00E+00,2.06E+01,4.56E+01,0.00E+00,2.42E+01,9.19E+00,0.00E+00,1.12E+07,1.22E+08,1.91E+06,2.10E+07,3.34E+01,4.70E-01,6.69E+01,,6.32E-02,,3.47E-02,,4.47E-02,,2.45E-02
827279400000,1.01E-01,9.94E+00,6.50E+08,2.29E+01,1.38E+09,2.38E+09,1.00E+09,9.45E+01,9.50E-02,4.72E-02,8.64E+01,8.69E-02,4.32E-02,9.23E+00,1.65E+00,3.85E+01,1.62E+04,1.51E+06,1.50E+07,5.80E+05,5.77E+06,1.01E+00,0.00E+00,2.32E-01,1.00E+02,9.70E+06,9.65E+07,1.00E+00,4.92E+00,0.00E+00,0.00E+00,6.06E+01,4.40E+01,0.00E+00,5.62E+01,6.39E+00,0.00E+00,9.70E+06,9.65E+07,1.52E+06,1.51E+07,6.26E+01,6.11E+00,6.63E+01,,9.50E-02,,4.72E-02,,8.69E-02,,4.32E-02
827279450000,1.01E-01,9.90E+00,6.50E+08,2.81E+01,1.64E+09,2.92E+09,1.29E+09,6.72E+01,6.79E-02,3.36E-02,3.62E+01,3.65E-02,1.81E-02,9.38E+00,1.63E+00,4.01E+01,4.56E+03,1.54E+06,1.52E+07,6.17E+05,6.11E+06,1.01E+00,0.00E+00,3.40E-01,1.00E+02,1.13E+07,1.12E+08,1.08E+00,1.11E+01,0.00E+00,0.00E+00,2.02E+01,4.62E+01,0.00E+00,2.34E+01,6.87E+00,0.00E+00,1.22E+07,1.21E+08,1.56E+06,1.55E+07,3.03E+01,6.26E-01,6.52E+01,,6.79E-02,,3.36E-02,,3.65E-02,,1.81E-02
827279500000,1.05E-01,9.52E+00,6.50E+08,2.24E+01,1.33E+09,2.33E+09,9.99E+08,9.44E+01,9.92E-02,4.72E-02,8.17E+01,8.58E-02,4.08E-02,8.74E+00,1.66E+00,4.06E+01,1.35E+04,1.49E+06,1.42E+07,6.06E+05,5.77E+06,1.01E+00,0.00E+00,2.30E-01,1.00E+02,1.01E+07,9.58E+07,1.00E+00,4.89E+00,0.00E+00,0.00E+00,6.06E+01,4.40E+01,0.00E+00,5.58E+01,6.06E+00,0.00E+00,1.01E+07,9.58E+07,1.51E+06,1.43E+07,6.18E+01,6.33E+00,6.61E+01,,9.92E-02,,4.72E-02,,8.58E-02,,4.08E-02
827279550000,1.05E-01,9.52E+00,6.50E+08,2.82E+01,1.66E+09,2.93E+09,1.27E+09,6.64E+01,6.98E-02,3.32E-02,3.81E+01,4.01E-02,1.91E-02,9.87E+00,1.60E+00,3.81E+01,5.22E+03,1.69E+06,1.60E+07,6.42E+05,6.11E+06,1.01E+00,0.00E+00,3.37E-01,1.00E+02,1.16E+07,1.10E+08,1.08E+00,1.09E+01,0.00E+00,0.00E+00,1.97E+01,4.61E+01,0.00E+00,2.27E+01,7.20E+00,0.00E+00,1.26E+07,1.20E+08,1.71E+06,1.62E+07,2.99E+01,5.80E-01,6.65E+01,,6.98E-02,,3.32E-02,,4.01E-02,,1.91E-02
827279600000,9.42E-02,1.06E+01,6.50E+08,2.29E+01,1.28E+09,2.38E+09,1.10E+09,9.50E+01,8.95E-02,4.75E-02,6.95E+01,6.55E-02,3.47E-02,7.25E+00,1.69E+00,4.88E+01,9.26E+03,1.11E+06,1.18E+07,5.41E+05,5.74E+06,1.01E+00,0.00E+00,2.60E-01,1.00E+02,9.92E+06,1.05E+08,1.01E+00,5.81E+00,0.00E+00,0.00E+00,5.62E+01,4.40E+01,0.00E+00,5.76E+01,5.03E+00,0.00E+00,1.00E+07,1.07E+08,1.12E+06,1.19E+07,6.26E+01,4.22E+00,6.39E+01,,8.95E-02,,4.75E-02,,6.55E-02,,3.47E-02
827279650000,9.43E-02,1.06E+01,6.50E+08,2.89E+01,1.75E+09,3.01E+09,1.26E+09,6.81E+01,6.42E-02,3.40E-02,4.05E+01,3.82E-02,2.03E-02,1.14E+01,1.63E+00,3.32E+01,5.39E+03,1.74E+06,1.85E+07,5.78E+05,6.13E+06,1.01E+00,0.00E+00,3.29E-01,1.00E+02,1.04E+07,1.10E+08,1.07E+00,1.05E+01,0.00E+00,0.00E+00,2.31E+01,4.58E+01,0.00E+00,2.63E+01,8.24E+00,0.00E+00,1.12E+07,1.18E+08,1.76E+06,1.87E+07,3.46E+01,9.25E-01,6.50E+01,,6.42E-02,,3.40E-02,,3.82E-02,,2.03E-02
827279700000,9.52E-02,1.05E+01,6.50E+08,2.39E+01,1.38E+09,2.49E+09,1.11E+09,9.49E+01,9.03E-02,4.74E-02,7.20E+01,6.86E-02,3.60E-02,7.80E+00,1.66E+00,4.54E+01,1.23E+04,1.21E+06,1.27E+07,5.48E+05,5.76E+06,1.01E+00,0.00E+00,2.69E-01,1.00E+02,1.00E+07,1.05E+08,1.03E+00,6.28E+00,0.00E+00,0.00E+00,5.17E+01,4.40E+01,0.00E+00,5.37E+01,5.41E+00,0.00E+00,1.03E+07,1.08E+08,1.22E+06,1.28E+07,5.91E+01,4.33E+00,6.66E+01,,9.03E-02,,4.74E-02,,6.86E-02,,3.60E-02
827279750000,9.55E-02,1.05E+01,6.50E+08,2.76E+01,1.63E+09,2.87E+09,1.24E+09,6.77E+01,6.47E-02,3.39E-02,3.71E+01,3.54E-02,1.85E-02,1.08E+01,1.65E+00,3.49E+01,4.92E+03,1.68E+06,1.76E+07,5.85E+05,6.12E+06,1.01E+00,0.00E+00,3.16E-01,1.00E+02,1.03E+07,1.08E+08,1.06E+00,9.83E+00,0.00E+00,0.00E+00,2.64E+01,4.59E+01,0.00E+00,2.91E+01,7.85E+00,0.00E+00,1.10E+07,1.15E+08,1.70E+06,1.78E+07,3.70E+01,9.47E-01,6.23E+01,,6.47E-02,,3.39E-02,,3.54E-02,,1.85E-02
827279800000,9.67E-02,1.03E+01,6.50E+08,2.51E+01,1.50E+09,2.61E+09,1.11E+09,9.49E+01,9.18E-02,4.74E-02,7.56E+01,7.31E-02,3.78E-02,8.57E+00,1.64E+00,4.15E+01,1.74E+04,1.35E+06,1.39E+07,5.58E+05,5.77E+06,1.01E+00,0.00E+00,2.74E-01,1.00E+02,1.02E+07,1.05E+08,1.04E+00,6.69E+00,0.00E+00,0.00E+00,4.84E+01,4.40E+01,0.00E+00,5.07E+01,5.94E+00,0.00E+00,1.05E+07,1.09E+08,1.36E+06,1.40E+07,5.66E+01,4.48E+00,6.95E+01,,9.18E-02,,4.74E-02,,7.31E-02,,3.78E-02
827279850000,9.76E-02,1.02E+01,6.50E+08,2.65E+01,1.52E+09,2.75E+09,1.23E+09,6.69E+01,6.53E-02,3.34E-02,4.01E+01,3.91E-02,2.01E-02,1.01E+01,1.68E+00,3.75E+01,4.20E+03,1.60E+06,1.64E+07,5.99E+05,6.14E+06,1.01E+00,0.00E+00,3.09E-01,1.00E+02,1.05E+07,1.07E+08,1.05E+00,9.48E+00,0.00E+00,0.00E+00,2.90E+01,4.61E+01,0.00E+00,3.15E+01,7.34E+00,0.00E+00,1.10E+07,1.13E+08,1.62E+06,1.66E+07,3.88E+01,1.10E+00,6.10E+01,,6.53E-02,,3.34E-02,,3.91E-02,,2.01E-02
827279900000,1.00E-01,1.00E+01,6.50E+08,2.65E+01,1.63E+09,2.76E+09,1.12E+09,9.55E+01,9.55E-02,4.77E-02,8.07E+01,8.08E-02,4.04E-02,9.26E+00,1.61E+00,3.82E+01,3.15E+04,1.50E+06,1.50E+07,5.74E+05,5.74E+06,1.01E+00,0.00E+00,2.84E-01,1.00E+02,1.06E+07,1.06E+08,1.05E+00,7.14E+00,0.00E+00,0.00E+00,4.52E+01,4.40E+01,0.00E+00,4.83E+01,6.41E+00,0.00E+00,1.11E+07,1.11E+08,1.52E+06,1.52E+07,5.47E+01,4.71E+00,7.15E+01,,9.55E-02,,4.77E-02,,8.08E-02,,4.04E-02
827279950000,9.84E-02,1.02E+01,6.50E+08,2.68E+01,1.50E+09,2.78E+09,1.28E+09,6.87E+01,6.75E-02,3.43E-02,4.32E+01,4.25E-02,2.16E-02,1.01E+01,1.70E+00,4.42E+01,4.18E+03,1.62E+06,1.64E+07,7.15E+05,7.27E+06,1.01E+00,0.00E+00,3.09E-01,1.00E+02,1.08E+07,1.10E+08,1.04E+00,9.17E+00,0.00E+00,0.00E+00,3.29E+01,4.60E+01,0.00E+00,3.62E+01,7.38E+00,0.00E+00,1.13E+07,1.15E+08,1.64E+06,1.67E+07,4.36E+01,8.31E-01,5.84E+01,,6.75E-02,,3.43E-02,,4.25E-02,,2.16E-02
827280000000,9.42E-02,1.06E+01,6.50E+08,2.82E+01,1.74E+09,2.93E+09,1.19E+09,9.56E+01,9.01E-02,4.78E-02,7.05E+01,6.64E-02,3.53E-02,8.95E+00,1.55E+00,3.38E+01,2.74E+04,1.37E+06,1.45E+07,4.63E+05,4.91E+06,1.01E+00,0.00E+00,3.20E-01,1.00E+02,1.08E+07,1.15E+08,1.07E+00,8.61E+00,0.00E+00,0.00E+00,3.80E+01,4.41E+01,0.00E+00,4.47E+01,6.22E+00,0.00E+00,1.15E+07,1.22E+08,1.38E+06,1.47E+07,5.09E+01,3.11E+00,7.28E+01,,9.01E-02,,4.78E-02,,6.64E-02,,3.53E-02
827280050000,9.77E-02,1.02E+01,6.50E+08,2.50E+01,1.40E+09,2.60E+09,1.20E+09,6.69E+01,6.54E-02,3.35E-02,5.72E+01,5.59E-02,2.86E-02,1.08E+01,1.72E+00,4.62E+01,4.54E+03,1.71E+06,1.75E+07,7.91E+05,8.10E+06,1.01E+00,0.00E+00,2.67E-01,1.00E+02,9.74E+06,9.97E+07,1.02E+00,7.70E+00,0.00E+00,0.00E+00,3.96E+01,4.58E+01,0.00E+00,3.87E+01,7.83E+00,0.00E+00,9.91E+06,1.01E+08,1.73E+06,1.78E+07,4.65E+01,2.37E+00,5.79E+01,,6.54E-02,,3.35E-02,,5.59E-02,,2.86E-02
827280100000,1.04E-01,9.64E+00,6.50E+08,2.81E+01,1.75E+09,2.92E+09,1.17E+09,9.60E+01,9.96E-02,4.80E-02,6.31E+01,6.54E-02,3.15E-02,9.10E+00,1.51E+00,3.12E+01,1.81E+04,1.53E+06,1.48E+07,4.79E+05,4.62E+06,1.01E+00,0.00E+00,3.21E-01,1.00E+02,1.18E+07,1.14E+08,1.07E+00,8.74E+00,0.00E+00,0.00E+00,3.53E+01,4.44E+01,0.00E+00,4.12E+01,6.37E+00,0.00E+00,1.26E+07,1.22E+08,1.55E+06,1.49E+07,4.76E+01,3.21E+00,7.20E+01,,9.96E-02,,4.80E-02,,6.54E-02,,3.15E-02
827280150000,1.02E-01,9.83E+00,6.50E+08,2.22E+01,1.17E+09,2.31E+09,1.14E+09,6.75E+01,6.87E-02,3.38E-02,4.00E+01,4.07E-02,2.00E-02,7.66E+00,1.72E+00,4.07E+01,2.88E+03,1.27E+06,1.25E+07,5.16E+05,5.07E+06,1.02E+00,0.00E+00,2.79E-01,1.00E+02,1.11E+07,1.09E+08,1.01E+00,7.56E+00,0.00E+00,0.00E+00,4.26E+01,4.60E+01,0.00E+00,4.53E+01,5.61E+00,0.00E+00,1.12E+07,1.10E+08,1.29E+06,1.27E+07,5.09E+01,1.43E+00,5.41E+01,,6.87E-02,,3.38E-02,,4.07E-02,,2.00E-02
827280200000,9.77E-02,1.02E+01,6.50E+08,3.69E+01,2.35E+09,3.84E+09,1.49E+09,9.59E+01,9.37E-02,4.80E-02,9.65E+01,9.43E-02,4.83E-02,1.62E+01,1.60E+00,4.43E+01,3.09E+04,2.58E+06,2.64E+07,1.14E+06,1.17E+07,1.01E+00,0.00E+00,3.24E-01,1.00E+02,1.13E+07,1.16E+08,1.07E+00,1.37E+01,0.00E+00,0.00E+00,3.18E+01,4.44E+01,0.00E+00,3.79E+01,1.14E+01,0.00E+00,1.21E+07,1.24E+08,2.60E+06,2.66E+07,4.93E+01,2.65E+00,7.76E+01,,9.37E-02,,4.80E-02,,9.43E-02,,4.83E-02
827280250000,9.53E-02,1.05E+01,6.50E+08,1.96E+01,9.15E+08,2.03E+09,1.12E+09,9.45E+01,9.00E-02,4.72E-02,2.13E+01,2.03E-02,1.06E-02,2.47E+00,3.83E+00,7.33E+00,9.01E+02,3.82E+05,4.01E+06,2.80E+04,2.94E+05,1.05E+00,0.00E+00,3.57E-01,1.00E+02,1.26E+07,1.33E+08,1.07E+00,1.27E+01,0.00E+00,0.00E+00,4.55E+01,4.84E+01,0.00E+00,6.20E+01,1.96E+00,0.00E+00,1.35E+07,1.42E+08,4.02E+05,4.22E+06,6.40E+01,1.33E+00,5.24E+01,,9.00E-02,,4.72E-02,,2.03E-02,,1.06E-02
827280300000,9.12E-02,1.10E+01,6.50E+08,4.00E+01,2.57E+09,4.16E+09,1.59E+09,9.57E+01,8.73E-02,4.78E-02,9.23E+01,8.42E-02,4.61E-02,1.86E+01,1.60E+00,3.91E+01,8.86E+03,2.76E+06,3.02E+07,1.08E+06,1.18E+07,1.01E+00,0.00E+00,3.94E-01,1.00E+02,1.14E+07,1.25E+08,1.12E+00,1.99E+01,0.00E+00,0.00E+00,2.36E+01,4.52E+01,0.00E+00,3.16E+01,1.33E+01,0.00E+00,1.27E+07,1.39E+08,2.79E+06,3.06E+07,4.49E+01,1.54E+00,8.24E+01,,8.73E-02,,4.78E-02,,8.42E-02,,4.61E-02
827280350000,9.05E-02,1.10E+01,6.50E+08,1.72E+01,7.52E+08,1.79E+09,1.04E+09,9.49E+01,8.59E-02,4.74E-02,2.27E+01,2.05E-02,1.13E-02,1.70E+00,2.26E+00,5.70E+01,1.19E+03,2.50E+05,2.77E+06,1.43E+05,1.58E+06,1.06E+00,0.00E+00,2.70E-01,1.00E+02,1.06E+07,1.17E+08,1.00E+00,5.86E+00,0.00E+00,0.00E+00,5.71E+01,4.20E+01,0.00E+00,6.46E+01,1.18E+00,0.00E+00,1.07E+07,1.18E+08,2.65E+05,2.93E+06,6.58E+01,2.63E+00,5.44E+01,,8.59E-02,,4.74E-02,,2.05E-02,,1.13E-02
827280400000,8.99E-02,1.11E+01,6.50E+08,3.85E+01,2.47E+09,4.00E+09,1.53E+09,9.39E+01,8.45E-02,4.70E-02,7.93E+01,7.14E-02,3.97E-02,1.79E+01,1.57E+00,3.60E+01,7.80E+03,2.61E+06,2.90E+07,9.40E+05,1.05E+07,1.01E+00,0.00E+00,3.94E-01,1.00E+02,1.11E+07,1.24E+08,1.12E+00,1.84E+01,0.00E+00,0.00E+00,2.43E+01,4.53E+01,0.00E+00,3.24E+01,1.28E+01,0.00E+00,1.25E+07,1.39E+08,2.64E+06,2.94E+07,4.52E+01,8.91E-01,8.26E+01,,8.45E-02,,4.70E-02,,7.14E-02,,3.97E-02
827280450000,8.14E-02,1.23E+01,6.50E+08,2.28E+01,1.22E+09,2.37E+09,1.15E+09,9.58E+01,7.80E-02,4.79E-02,3.23E+01,2.63E-02,1.61E-02,5.50E+00,1.81E+00,3.81E+01,3.68E+03,7.28E+05,8.94E+06,2.77E+05,3.40E+06,1.02E+00,0.00E+00,2.93E-01,1.00E+02,9.68E+06,1.19E+08,1.03E+00,7.79E+00,0.00E+00,0.00E+00,4.77E+01,4.34E+01,0.00E+00,5.64E+01,3.82E+00,0.00E+00,1.00E+07,1.23E+08,7.45E+05,9.15E+06,6.02E+01,1.73E+00,6.15E+01,,7.80E-02,,4.79E-02,,2.63E-02,,1.61E-02
827280500000,8.13E-02,1.23E+01,6.50E+08,3.36E+01,2.07E+09,3.50E+09,1.42E+09,8.97E+01,7.29E-02,4.48E-02,6.86E+01,5.58E-02,3.43E-02,1.49E+01,1.63E+00,3.57E+01,5.65E+03,1.96E+06,2.42E+07,7.01E+05,8.62E+06,1.01E+00,0.00E+00,3.67E-01,1.00E+02,9.78E+06,1.20E+08,1.10E+00,1.54E+01,0.00E+00,0.00E+00,3.12E+01,4.56E+01,0.00E+00,3.97E+01,1.07E+01,0.00E+00,1.08E+07,1.32E+08,1.99E+06,2.45E+07,5.05E+01,1.34E+00,7.59E+01,,7.29E-02,,4.48E-02,,5.58E-02,,3.43E-02
827280550000,9.80E-02,1.02E+01,6.50E+08,2.69E+01,1.62E+09,2.79E+09,1.17E+09,9.58E+01,9.39E-02,4.79E-02,7.46E+01,7.31E-02,3.73E-02,9.05E+00,1.65E+00,3.86E+01,1.65E+04,1.44E+06,1.47E+07,5.57E+05,5.68E+06,1.01E+00,0.00E+00,2.97E-01,1.00E+02,1.09E+07,1.11E+08,1.05E+00,7.40E+00,0.00E+00,0.00E+00,4.54E+01,4.40E+01,0.00E+00,5.11E+01,6.27E+00,0.00E+00,1.15E+07,1.17E+08,1.45E+06,1.48E+07,5.74E+01,3.11E+00,6.98E+01,,9.39E-02,,4.79E-02,,7.31E-02,,3.73E-02
827280600000,9.75E-02,1.03E+01,6.50E+08,2.58E+01,1.48E+09,2.68E+09,1.20E+09,6.61E+01,6.45E-02,3.31E-02,4.15E+01,4.05E-02,2.07E-02,1.04E+01,1.68E+00,3.64E+01,3.83E+03,1.65E+06,1.69E+07,5.98E+05,6.14E+06,1.01E+00,0.00E+00,2.94E-01,1.00E+02,1.02E+07,1.05E+08,1.04E+00,8.59E+00,0.00E+00,0.00E+00,3.21E+01,4.63E+01,0.00E+00,3.39E+01,7.63E+00,0.00E+00,1.07E+07,1.10E+08,1.67E+06,1.71E+07,4.15E+01,1.17E+00,5.96E+01,,6.45E-02,,3.31E-02,,4.05E-02,,2.07E-02
827280650000,9.56E-02,1.05E+01,6.50E+08,2.68E+01,1.65E+09,2.79E+09,1.14E+09,9.55E+01,9.13E-02,4.77E-02,7.92E+01,7.57E-02,3.96E-02,9.48E+00,1.61E+00,3.72E+01,2.87E+04,1.47E+06,1.54E+07,5.48E+05,5.73E+06,1.01E+00,0.00E+00,2.89E-01,1.00E+02,1.03E+07,1.08E+08,1.06E+00,7.34E+00,0.00E+00,0.00E+00,4.48E+01,4.40E+01,0.00E+00,4.92E+01,6.57E+00,0.00E+00,1.09E+07,1.14E+08,1.48E+06,1.55E+07,5.58E+01,4.04E+00,7.18E+01,,9.13E-02,,4.77E-02,,7.57E-02,,3.96E-02
827280700000,9.65E-02,1.04E+01,6.50E+08,2.65E+01,1.54E+09,2.76E+09,1.22E+09,6.65E+01,6.41E-02,3.32E-02,4.98E+01,4.80E-02,2.49E-02,1.10E+01,1.71E+00,3.77E+01,3.97E+03,1.72E+06,1.79E+07,6.50E+05,6.74E+06,1.01E+00,0.00E+00,2.90E-01,1.00E+02,1.00E+07,1.04E+08,1.05E+00,8.47E+00,0.00E+00,0.00E+00,3.19E+01,4.62E+01,0.00E+00,3.33E+01,8.05E+00,0.00E+00,1.05E+07,1.08E+08,1.75E+06,1.81E+07,4.13E+01,1.58E+00,6.07E+01,,6.41E-02,,3.32E-02,,4.80E-02,,2.49E-02
827280750000,9.87E-02,1.01E+01,6.50E+08,2.60E+01,1.59E+09,2.71E+09,1.12E+09,9.57E+01,9.45E-02,4.78E-02,7.41E+01,7.32E-02,3.70E-02,8.64E+00,1.56E+00,3.62E+01,3.31E+04,1.39E+06,1.40E+07,5.02E+05,5.09E+06,1.01E+00,0.00E+00,2.91E-01,1.00E+02,1.08E+07,1.09E+08,1.06E+00,7.36E+00,0.00E+00,0.00E+00,4.50E+01,4.40E+01,0.00E+00,4.98E+01,5.98E+00,0.00E+00,1.14E+07,1.15E+08,1.40E+06,1.41E+07,5.58E+01,4.06E+00,7.05E+01,,9.45E-02,,4.78E-02,,7.32E-02,,3.70E-02
827280800000,9.94E-02,1.01E+01,6.50E+08,2.68E+01,1.56E+09,2.78E+09,1.22E+09,6.60E+01,6.56E-02,3.30E-02,5.42E+01,5.39E-02,2.71E-02,1.12E+01,1.71E+00,4.00E+01,4.22E+03,1.82E+06,1.83E+07,7.27E+05,7.31E+06,1.01E+00,0.00E+00,2.87E-01,1.00E+02,1.02E+07,1.02E+08,1.05E+00,8.41E+00,0.00E+00,0.00E+00,3.15E+01,4.60E+01,0.00E+00,3.24E+01,8.20E+00,0.00E+00,1.06E+07,1.07E+08,1.84E+06,1.85E+07,4.06E+01,1.84E+00,6.15E+01,,6.56E-02,,3.30E-02,,5.39E-02,,2.71E-02
827280850000,1.01E-01,9.90E+00,6.50E+08,2.54E+01,1.55E+09,2.64E+09,1.10E+09,9.58E+01,9.68E-02,4.79E-02,7.08E+01,7.16E-02,3.54E-02,8.18E+00,1.54E+00,3.40E+01,3.41E+04,1.34E+06,1.33E+07,4.56E+05,4.52E+06,1.01E+00,0.00E+00,2.92E-01,1.00E+02,1.11E+07,1.09E+08,1.05E+00,7.34E+00,0.00E+00,0.00E+00,4.56E+01,4.40E+01,0.00E+00,5.05E+01,5.67E+00,0.00E+00,1.17E+07,1.15E+08,1.35E+06,1.34E+07,5.62E+01,4.03E+00,6.96E+01,,9.68E-02,,4.79E-02,,7.16E-02,,3.54E-02
827280900000,1.04E-01,9.64E+00,6.50E+08,2.61E+01,1.51E+09,2.71E+09,1.20E+09,6.52E+01,6.76E-02,3.26E-02,4.95E+01,5.13E-02,2.47E-02,1.06E+01,1.70E+00,3.84E+01,4.00E+03,1.78E+06,1.72E+07,6.83E+05,6.58E+06,1.01E+00,0.00E+00,2.89E-01,1.00E+02,1.07E+07,1.03E+08,1.05E+00,8.54E+00,0.00E+00,0.00E+00,3.12E+01,4.62E+01,0.00E+00,3.23E+01,7.73E+00,0.00E+00,1.12E+07,1.08E+08,1.81E+06,1.74E+07,4.01E+01,1.41E+00,6.07E+01,,6.76E-02,,3.26E-02,,5.13E-02,,2.47E-02
827280950000,1.11E-01,9.00E+00,6.50E+08,2.38E+01,1.46E+09,2.48E+09,1.02E+09,9.48E+01,1.05E-01,4.74E-02,7.94E+01,8.82E-02,3.97E-02,8.87E+00,1.58E+00,3.64E+01,3.34E+04,1.60E+06,1.44E+07,5.82E+05,5.24E+06,1.01E+00,0.00E+00,2.55E-01,1.00E+02,1.10E+07,9.89E+07,1.04E+00,6.15E+00,0.00E+00,0.00E+00,5.02E+01,4.40E+01,0.00E+00,4.95E+01,6.14E+00,0.00E+00,1.14E+07,1.03E+08,1.61E+06,1.45E+07,5.56E+01,5.88E+00,7.05E+01,,1.05E-01,,4.74E-02,,8.82E-02,,3.97E-02
827281000000,1.10E-01,9.11E+00,6.50E+08,2.63E+01,1.52E+09,2.73E+09,1.21E+09,6.68E+01,7.33E-02,3.34E-02,3.73E+01,4.10E-02,1.87E-02,9.75E+00,1.63E+00,3.84E+01,4.33E+03,1.74E+06,1.58E+07,6.68E+05,6.09E+06,1.01E+00,0.00E+00,3.08E-01,1.00E+02,1.17E+07,1.06E+08,1.07E+00,9.48E+00,0.00E+00,0.00E+00,2.68E+01,4.63E+01,0.00E+00,2.92E+01,7.16E+00,0.00E+00,1.24E+07,1.13E+08,1.76E+06,1.61E+07,3.64E+01,8.70E-01,6.19E+01,,7.33E-02,,3.34E-02,,4.10E-02,,1.87E-02
827281050000,9.51E-02,1.05E+01,6.50E+08,2.58E+01,1.54E+09,2.68E+09,1.14E+09,9.55E+01,9.09E-02,4.78E-02,7.71E+01,7.33E-02,3.85E-02,9.00E+00,1.66E+00,3.90E+01,1.43E+04,1.39E+06,1.46E+07,5.43E+05,5.71E+06,1.01E+00,0.00E+00,2.80E-01,1.00E+02,1.03E+07,1.08E+08,1.04E+00,6.72E+00,0.00E+00,0.00E+00,5.00E+01,4.40E+01,0.00E+00,5.41E+01,6.24E+00,0.00E+00,1.07E+07,1.13E+08,1.40E+06,1.48E+07,6.03E+01,3.34E+00,6.78E+01,,9.09E-02,,4.78E-02,,7.33E-02,,3.85E-02
827281100000,9.48E-02,1.05E+01,6.50E+08,2.68E+01,1.57E+09,2.78E+09,1.21E+09,6.56E+01,6.22E-02,3.28E-02,3.97E+01,3.76E-02,1.98E-02,1.04E+01,1.65E+00,3.61E+01,4.37E+03,1.61E+06,1.69E+07,5.80E+05,6.12E+06,1.01E+00,0.00E+00,3.05E-01,1.00E+02,1.00E+07,1.06E+08,1.06E+00,9.22E+00,0.00E+00,0.00E+00,2.77E+01,4.62E+01,0.00E+00,3.00E+01,7.62E+00,0.00E+00,1.07E+07,1.13E+08,1.63E+06,1.72E+07,3.76E+01,9.38E-01,6.23E+01,,6.22E-02,,3.28E-02,,3.76E-02,,1.98E-02
827281150000,9.34E-02,1.07E+01,6.50E+08,2.61E+01,1.57E+09,2.71E+09,1.14E+09,9.55E+01,8.92E-02,4.78E-02,7.65E+01,7.14E-02,3.82E-02,9.07E+00,1.64E+00,3.87E+01,1.74E+04,1.38E+06,1.47E+07,5.33E+05,5.71E+06,1.01E+00,0.00E+00,2.85E-01,1.00E+02,1.02E+07,1.09E+08,1.04E+00,6.90E+00,0.00E+00,0.00E+00,4.87E+01,4.40E+01,0.00E+00,5.34E+01,6.29E+00,0.00E+00,1.06E+07,1.14E+08,1.39E+06,1.49E+07,5.97E+01,3.39E+00,6.85E+01,,8.92E-02,,4.78E-02,,7.14E-02,,3.82E-02
827281200000,9.68E-02,1.03E+01,6.50E+08,2.76E+01,1.61E+09,2.87E+09,1.27E+09,6.83E+01,6.61E-02,3.41E-02,4.04E+01,3.91E-02,2.02E-02,1.07E+01,1.68E+00,3.63E+01,4.13E+03,1.69E+06,1.74E+07,6.11E+05,6.32E+06,1.01E+00,0.00E+00,3.15E-01,1.00E+02,1.07E+07,1.11E+08,1.06E+00,9.38E+00,0.00E+00,0.00E+00,3.02E+01,4.61E+01,0.00E+00,3.40E+01,7.82E+00,0.00E+00,1.13E+07,1.17E+08,1.71E+06,1.77E+07,4.18E+01,4.99E-01,6.03E+01,,6.61E-02,,3.41E-02,,3.91E-02,,2.02E-02
827281250000,1.06E-01,9.45E+00,6.50E+08,2.74E+01,1.69E+09,2.85E+09,1.16E+09,9.60E+01,1.02E-01,4.80E-02,7.81E+01,8.27E-02,3.90E-02,9.31E+00,1.60E+00,3.66E+01,3.32E+04,1.60E+06,1.51E+07,5.85E+05,5.53E+06,1.01E+00,0.00E+00,2.99E-01,1.00E+02,1.18E+07,1.11E+08,1.06E+00,7.63E+00,0.00E+00,0.00E+00,4.43E+01,4.40E+01,0.00E+00,5.01E+01,6.45E+00,0.00E+00,1.25E+07,1.18E+08,1.61E+06,1.52E+07,5.65E+01,3.24E+00,7.09E+01,,1.02E-01,,4.80E-02,,8.27E-02,,3.90E-02
827281300000,1.22E-01,8.22E+00,6.50E+08,2.49E+01,1.41E+09,2.59E+09,1.18E+09,6.71E+01,8.16E-02,3.36E-02,3.74E+01,4.55E-02,1.87E-02,9.74E+00,1.64E+00,3.85E+01,4.32E+03,1.93E+06,1.58E+07,7.40E+05,6.09E+06,1.01E+00,0.00E+00,2.93E-01,1.00E+02,1.29E+07,1.06E+08,1.04E+00,8.48E+00,0.00E+00,0.00E+00,3.35E+01,4.63E+01,0.00E+00,3.54E+01,7.15E+00,0.00E+00,1.34E+07,1.10E+08,1.95E+06,1.61E+07,4.26E+01,1.29E+00,5.80E+01,,8.16E-02,,3.36E-02,,4.55E-02,,1.87E-02
827281350000,3.52E-01,2.84E+00,6.50E+08,2.71E+01,1.64E+09,2.81E+09,1.18E+09,9.57E+01,3.37E-01,4.79E-02,6.73E+01,2.37E-01,3.37E-02,8.92E+00,1.65E+00,3.90E+01,1.55E+04,5.11E+06,1.45E+07,1.99E+06,5.65E+06,1.01E+00,0.00E+00,2.99E-01,1.00E+02,3.87E+07,1.10E+08,1.07E+00,7.78E+00,0.00E+00,0.00E+00,4.26E+01,4.40E+01,0.00E+00,4.80E+01,6.18E+00,0.00E+00,4.13E+07,1.17E+08,5.15E+06,1.46E+07,5.41E+01,3.31E+00,7.11E+01,,3.37E-01,,4.79E-02,,2.37E-01,,3.37E-02
827281400000,3.52E-01,2.84E+00,6.50E+08,2.46E+01,1.42E+09,2.56E+09,1.14E+09,6.56E+01,2.31E-01,3.28E-02,3.58E+01,1.26E-01,1.79E-02,1.05E+01,1.60E+00,3.62E+01,5.31E+03,6.01E+06,1.71E+07,2.17E+06,6.17E+06,1.01E+00,0.00E+00,2.83E-01,1.00E+02,3.62E+07,1.03E+08,1.03E+00,8.23E+00,0.00E+00,0.00E+00,3.44E+01,4.61E+01,0.00E+00,3.52E+01,7.67E+00,0.00E+00,3.75E+07,1.06E+08,6.10E+06,1.73E+07,4.28E+01,1.07E+00,5.82E+01,,2.31E-01,,3.28E-02,,1.26E-01,,1.79E-02
827281450000,3.52E-01,2.84E+00,6.50E+08,9.30E+00,5.60E+08,1.51E+09,9.46E+08,9.24E+01,3.25E-01,4.62E-02,0.00E+00,0.00E+00,0.00E+00,0.00E+00,,,,0.00E+00,0.00E+00,0.00E+00,0.00E+00,,0.00E+00,1.82E-01,1.00E+02,2.67E+07,1.18E+08,1.00E+00,3.79E+00,0.00E+00,0.00E+00,6.06E+01,,0.00E+00,4.41E+01,0.00E+00,0.00E+00,2.67E+07,1.18E+08,0.00E+00,0.00E+00,4.41E+01,1.05E+00,6.88E+01,,3.25E-01,,4.62E-02,,0.00E+00,,0.00E+00
827281500000,3.52E-01,2.84E+00,6.50E+08,,,,,0.00E+00,0.00E+00,0.00E+00,0.00E+00,0.00E+00,0.00E+00,,,,,,,,,,,,,,,,,,,,,,,,,,,,,,,,,0.00E+00,,0.00E+00,,0.00E+00,,0.00E+00
827281550000,3.52E-01,2.84E+00,,,,,,0.00E+00,0.00E+00,0.00E+00,0.00E+00,0.00E+00,0.00E+00,,,,,,,,,,,,,,,,,,,,,,,,,,,,,,,,,0.00E+00,,0.00E+00,,0.00E+00,,0.00E+00
827281600000,3.52E-01,2.84E+00,,,,,,0.00E+00,0.00E+00,0.00E+00,0.00E+00,0.00E+00,0.00E+00,,,,,,,,,,,,,,,,,,,,,,,,,,,,,,,,,0.00E+00,,0.00E+00,,0.00E+00,,0.00E+00
827281650000,2.20E-01,4.55E+00,6.00E+08,,,,,0.00E+00,0.00E+00,0.00E+00,3.92E+00,8.62E-03,1.96E-03,,,,,,,,,,,,,,,,,,,,,,,,,,,,,,,,,0.00E+00,,0.00E+00,,8.62E-03,,1.96E-03
827281700000,6.60E-02,1.51E+01,4.00E+08,2.30E+01,1.41E+09,2.32E+09,9.07E+08,2.58E+01,1.70E-02,1.29E-02,7.23E+01,4.77E-02,3.62E-02,1.45E+01,1.60E+00,3.85E+01,5.86E+03,9.54E+05,2.28E+07,3.67E+05,8.77E+06,1.01E+00,0.00E+00,1.94E-01,1.00E+02,2.62E+06,6.25E+07,1.04E+00,6.16E+00,0.00E+00,0.00E+00,1.13E+01,4.63E+01,0.00E+00,7.27E+00,1.06E+01,0.00E+00,2.71E+06,6.49E+07,9.67E+05,2.31E+07,1.79E+01,0.00E+00,7.31E+01,,1.70E-02,,1.29E-02,,4.77E-02,,3.62E-02
827281750000,9.75E-02,1.03E+01,4.00E+08,2.70E+01,9.38E+08,1.73E+09,7.87E+08,8.98E+01,8.76E-02,4.49E-02,8.65E+01,8.43E-02,4.32E-02,9.81E+00,1.71E+00,5.75E+01,5.12E+03,9.56E+05,9.81E+06,5.50E+05,5.64E+06,1.01E+00,0.00E+00,2.63E-01,1.00E+02,6.46E+06,6.63E+07,1.00E+00,5.75E+00,0.00E+00,0.00E+00,5.76E+01,4.43E+01,0.00E+00,5.98E+01,6.86E+00,0.00E+00,6.47E+06,6.64E+07,9.65E+05,9.90E+06,6.67E+01,2.32E+00,6.16E+01,,8.76E-02,,4.49E-02,,8.43E-02,,4.32E-02
827281800000,1.09E-01,9.18E+00,8.56E+08,2.73E+01,2.16E+09,3.74E+09,1.57E+09,6.98E+01,7.61E-02,3.49E-02,7.31E+01,7.97E-02,3.66E-02,9.94E+00,1.57E+00,3.05E+01,7.64E+03,2.32E+06,2.13E+07,7.07E+05,6.49E+06,1.01E+00,0.00E+00,3.23E-01,1.00E+02,1.62E+07,1.49E+08,1.07E+00,9.45E+00,0.00E+00,0.00E+00,3.03E+01,4.56E+01,0.00E+00,3.53E+01,7.17E+00,0.00E+00,1.74E+07,1.59E+08,2.35E+06,2.15E+07,4.25E+01,1.36E+00,6.51E+01,,7.61E-02,,3.49E-02,,7.97E-02,,3.66E-02
827281850000,1.07E-01,9.36E+00,6.50E+08,1.87E+01,8.53E+08,1.94E+09,1.09E+09,8.93E+01,9.54E-02,4.47E-02,3.48E+01,3.71E-02,1.74E-02,2.91E+00,1.97E+00,6.21E+01,1.70E+03,5.06E+05,4.74E+06,3.14E+05,2.94E+06,1.04E+00,0.00E+00,2.68E-01,1.00E+02,1.25E+07,1.17E+08,1.00E+00,5.70E+00,0.00E+00,0.00E+00,5.72E+01,4.29E+01,0.00E+00,6.42E+01,2.04E+00,0.00E+00,1.25E+07,1.17E+08,5.27E+05,4.94E+06,6.63E+01,2.53E+00,5.50E+01,,9.54E-02,,4.47E-02,,3.71E-02,,1.74E-02
827281900000,1.06E-01,9.47E+00,6.50E+08,3.84E+01,2.49E+09,3.99E+09,1.50E+09,9.50E+01,1.00E-01,4.75E-02,8.39E+01,8.86E-02,4.20E-02,1.70E+01,1.55E+00,3.27E+01,7.48E+03,2.92E+06,2.77E+07,9.56E+05,9.06E+06,1.01E+00,0.00E+00,3.91E-01,1.00E+02,1.33E+07,1.26E+08,1.12E+00,1.91E+01,0.00E+00,0.00E+00,2.46E+01,4.54E+01,0.00E+00,3.34E+01,1.22E+01,0.00E+00,1.49E+07,1.41E+08,2.96E+06,2.80E+07,4.56E+01,1.21E+00,7.95E+01,,1.00E-01,,4.75E-02,,8.86E-02,,4.20E-02
827281950000,9.23E-02,1.08E+01,6.50E+08,1.72E+01,7.34E+08,1.79E+09,1.05E+09,9.14E+01,8.44E-02,4.57E-02,8.94E+00,8.25E-03,4.47E-03,2.06E-01,3.62E+00,8.94E+01,1.46E+02,3.10E+04,3.35E+05,2.77E+04,3.00E+05,1.82E+00,0.00E+00,2.99E-01,1.00E+02,1.13E+07,1.22E+08,1.03E+00,6.97E+00,0.00E+00,0.00E+00,5.14E+01,2.37E+01,0.00E+00,6.21E+01,1.39E-01,0.00E+00,1.16E+07,1.26E+08,5.63E+04,6.09E+05,6.22E+01,1.65E+00,5.57E+01,,8.44E-02,,4.57E-02,,8.25E-03,,4.47E-03
827282000000,8.30E-02,1.20E+01,6.50E+08,3.47E+01,2.27E+09,3.61E+09,1.34E+09,6.54E+01,5.43E-02,3.27E-02,7.43E+01,6.17E-02,3.72E-02,1.95E+01,1.61E+00,3.53E+01,6.89E+03,2.64E+06,3.17E+07,9.31E+05,1.12E+07,1.02E+00,0.00E+00,3.15E-01,1.00E+02,8.42E+06,1.01E+08,1.15E+00,1.70E+01,0.00E+00,0.00E+00,2.08E+01,4.53E+01,0.00E+00,2.33E+01,1.40E+01,0.00E+00,9.66E+06,1.16E+08,2.68E+06,3.22E+07,3.74E+01,6.21E-01,8.59E+01,,5.43E-02,,3.27E-02,,6.17E-02,,3.72E-02
827282050000,9.35E-02,1.07E+01,6.50E+08,2.18E+01,1.21E+09,2.27E+09,1.06E+09,9.04E+01,8.45E-02,4.52E-02,6.63E+01,6.20E-02,3.32E-02,6.85E+00,1.70E+00,4.33E+01,6.56E+03,1.04E+06,1.11E+07,4.50E+05,4.82E+06,1.01E+00,0.00E+00,2.53E-01,1.00E+02,9.84E+06,1.05E+08,1.00E+00,5.35E+00,0.00E+00,0.00E+00,6.06E+01,4.40E+01,0.00E+00,6.13E+01,4.75E+00,0.00E+00,9.84E+06,1.05E+08,1.05E+06,1.12E+07,6.61E+01,3.72E+00,6.09E+01,,8.45E-02,,4.52E-02,,6.20E-02,,3.32E-02
827282100000,9.53E-02,1.05E+01,6.50E+08,3.00E+01,1.87E+09,3.12E+09,1.25E+09,3.57E+01,3.41E-02,1.79E-02,5.20E+01,4.96E-02,2.60E-02,1.26E+01,1.61E+00,2.93E+01,5.43E+03,1.95E+06,2.05E+07,5.72E+05,6.00E+06,1.01E+00,0.00E+00,3.15E-01,1.00E+02,1.04E+07,1.09E+08,1.09E+00,1.06E+01,0.00E+00,0.00E+00,2.00E+01,4.62E+01,0.00E+00,2.30E+01,9.22E+00,0.00E+00,1.14E+07,1.19E+08,1.98E+06,2.08E+07,3.22E+01,7.50E-01,6.96E+01,,3.41E-02,,1.79E-02,,4.96E-02,,2.60E-02
827282150000,9.73E-02,1.03E+01,6.50E+08,2.31E+01,1.36E+09,2.40E+09,1.04E+09,9.49E+01,9.23E-02,4.74E-02,7.80E+01,7.59E-02,3.90E-02,8.69E+00,1.69E+00,3.50E+01,1.00E+04,1.37E+06,1.41E+07,4.80E+05,4.93E+06,1.01E+00,0.00E+00,2.48E-01,1.00E+02,1.00E+07,1.03E+08,1.00E+00,5.23E+00,0.00E+00,0.00E+00,6.06E+01,4.40E+01,0.00E+00,6.01E+01,6.02E+00,0.00E+00,1.00E+07,1.03E+08,1.39E+06,1.42E+07,6.61E+01,4.05E+00,6.32E+01,,9.23E-02,,4.74E-02,,7.59E-02,,3.90E-02
827282200000,9.75E-02,1.03E+01,6.50E+08,2.82E+01,1.66E+09,2.93E+09,1.28E+09,6.65E+01,6.48E-02,3.32E-02,4.14E+01,4.04E-02,2.07E-02,9.95E+00,1.64E+00,3.50E+01,4.35E+03,1.58E+06,1.62E+07,5.52E+05,5.66E+06,1.02E+00,0.00E+00,3.22E-01,1.00E+02,1.10E+07,1.13E+08,1.09E+00,1.09E+01,0.00E+00,0.00E+00,2.15E+01,4.67E+01,0.00E+00,2.55E+01,7.38E+00,0.00E+00,1.20E+07,1.23E+08,1.60E+06,1.64E+07,3.29E+01,6.52E-01,6.73E+01,,6.48E-02,,3.32E-02,,4.04E-02,,2.07E-02
827282250000,1.00E-01,9.95E+00,6.50E+08,2.23E+01,1.34E+09,2.32E+09,9.82E+08,9.02E+01,9.07E-02,4.51E-02,8.37E+01,8.41E-02,4.19E-02,8.91E+00,1.69E+00,3.45E+01,1.11E+04,1.46E+06,1.45E+07,5.02E+05,4.99E+06,1.01E+00,0.00E+00,2.32E-01,1.00E+02,9.68E+06,9.63E+07,1.00E+00,4.91E+00,0.00E+00,0.00E+00,6.06E+01,4.40E+01,0.00E+00,5.61E+01,6.18E+00,0.00E+00,9.68E+06,9.63E+07,1.47E+06,1.46E+07,6.23E+01,6.18E+00,6.61E+01,,9.07E-02,,4.51E-02,,8.41E-02,,4.19E-02
827282300000,1.00E-01,9.95E+00,6.50E+08,2.75E+01,1.62E+09,2.86E+09,1.25E+09,6.68E+01,6.71E-02,3.34E-02,3.87E+01,3.89E-02,1.94E-02,9.73E+00,1.62E+00,3.52E+01,4.33E+03,1.59E+06,1.58E+07,5.60E+05,5.57E+06,1.02E+00,0.00E+00,3.13E-01,1.00E+02,1.11E+07,1.10E+08,1.09E+00,1.09E+01,0.00E+00,0.00E+00,2.06E+01,4.68E+01,0.00E+00,2.38E+01,7.22E+00,0.00E+00,1.21E+07,1.20E+08,1.61E+06,1.61E+07,3.10E+01,6.71E-01,6.75E+01,,6.71E-02,,3.34E-02,,3.89E-02,,1.94E-02
827282350000,1.01E-01,9.91E+00,6.50E+08,2.29E+01,1.37E+09,2.38E+09,1.02E+09,9.03E+01,9.11E-02,4.51E-02,5.11E+00,5.15E-03,2.55E-03,8.88E+00,1.71E+00,3.51E+01,1.07E+04,1.46E+06,1.44E+07,5.11E+05,5.07E+06,1.01E+00,0.00E+00,2.40E-01,1.00E+02,1.01E+07,9.98E+07,1.00E+00,5.09E+00,0.00E+00,0.00E+00,6.06E+01,4.40E+01,0.00E+00,5.81E+01,6.16E+00,0.00E+00,1.01E+07,9.98E+07,1.47E+06,1.46E+07,6.43E+01,5.14E+00,6.48E+01,,9.11E-02,,4.51E-02,,5.15E-03,,2.55E-03
827282400000,1.01E-01,9.91E+00,6.50E+08,2.82E+01,1.64E+09,2.93E+09,1.29E+09,6.90E+01,6.96E-02,3.45E-02,3.29E+01,3.32E-02,1.65E-02,9.76E+00,1.61E+00,3.46E+01,4.36E+03,1.60E+06,1.59E+07,5.54E+05,5.49E+06,1.02E+00,0.00E+00,3.28E-01,1.00E+02,1.17E+07,1.16E+08,1.08E+00,1.12E+01,0.00E+00,0.00E+00,2.25E+01,4.67E+01,0.00E+00,2.73E+01,7.25E+00,0.00E+00,1.27E+07,1.26E+08,1.63E+06,1.61E+07,3.45E+01,7.53E-01,6.62E+01,,6.96E-02,,3.45E-02,,3.32E-02,,1.65E-02
827282450000,9.56E-02,1.05E+01,6.50E+08,2.35E+01,1.40E+09,2.45E+09,1.04E+09,9.47E+01,9.06E-02,4.74E-02,5.66E+00,5.41E-03,2.83E-03,8.62E+00,1.68E+00,3.46E+01,1.01E+04,1.34E+06,1.40E+07,4.64E+05,4.85E+06,1.01E+00,0.00E+00,2.52E-01,1.00E+02,9.82E+06,1.03E+08,1.01E+00,5.67E+00,0.00E+00,0.00E+00,5.65E+01,4.40E+01,0.00E+00,5.66E+01,5.98E+00,0.00E+00,9.96E+06,1.04E+08,1.35E+06,1.41E+07,6.26E+01,4.59E+00,6.58E+01,,9.06E-02,,4.74E-02,,5.41E-03,,2.83E-03
827282500000,9.56E-02,1.05E+01,6.50E+08,2.74E+01,1.60E+09,2.85E+09,1.25E+09,6.58E+01,6.29E-02,3.29E-02,7.13E+00,6.81E-03,3.56E-03,1.00E+01,1.68E+00,3.51E+01,4.05E+03,1.56E+06,1.63E+07,5.46E+05,5.71E+06,1.02E+00,0.00E+00,3.08E-01,1.00E+02,1.05E+07,1.10E+08,1.08E+00,1.03E+01,0.00E+00,0.00E+00,2.37E+01,4.67E+01,0.00E+00,2.69E+01,7.43E+00,0.00E+00,1.13E+07,1.18E+08,1.58E+06,1.65E+07,3.44E+01,7.55E-01,6.60E+01,,6.29E-02,,3.29E-02,,6.81E-03,,3.56E-03
827282550000,9.66E-02,1.04E+01,6.50E+08,2.45E+01,1.49E+09,2.55E+09,1.06E+09,9.49E+01,9.17E-02,4.75E-02,2.87E+00,2.78E-03,1.44E-03,9.17E+00,1.67E+00,3.42E+01,1.46E+04,1.44E+06,1.49E+07,4.92E+05,5.09E+06,1.01E+00,0.00E+00,2.58E-01,1.00E+02,9.95E+06,1.03E+08,1.03E+00,6.05E+00,0.00E+00,0.00E+00,5.33E+01,4.40E+01,0.00E+00,5.42E+01,6.36E+00,0.00E+00,1.02E+07,1.06E+08,1.45E+06,1.50E+07,6.05E+01,4.64E+00,6.81E+01,,9.17E-02,,4.75E-02,,2.78E-03,,1.44E-03
827282600000,9.62E-02,1.04E+01,6.50E+08,2.65E+01,1.51E+09,2.75E+09,1.24E+09,6.71E+01,6.45E-02,3.35E-02,4.01E+01,3.86E-02,2.01E-02,9.47E+00,1.68E+00,3.56E+01,3.81E+03,1.48E+06,1.54E+07,5.26E+05,5.47E+06,1.02E+00,0.00E+00,3.03E-01,1.00E+02,1.06E+07,1.10E+08,1.06E+00,1.00E+01,0.00E+00,0.00E+00,2.62E+01,4.67E+01,0.00E+00,2.96E+01,7.02E+00,0.00E+00,1.13E+07,1.17E+08,1.50E+06,1.56E+07,3.66E+01,9.64E-01,6.36E+01,,6.45E-02,,3.35E-02,,3.86E-02,,2.01E-02
827282650000,9.40E-02,1.06E+01,6.50E+08,2.60E+01,1.59E+09,2.71E+09,1.12E+09,9.54E+01,8.96E-02,4.77E-02,6.84E-01,6.42E-04,3.42E-04,9.19E+00,1.63E+00,3.41E+01,2.39E+04,1.40E+06,1.49E+07,4.79E+05,5.09E+06,1.01E+00,0.00E+00,2.81E-01,1.00E+02,1.02E+07,1.09E+08,1.05E+00,7.02E+00,0.00E+00,0.00E+00,4.77E+01,4.40E+01,0.00E+00,5.23E+01,6.37E+00,0.00E+00,1.07E+07,1.14E+08,1.41E+06,1.50E+07,5.86E+01,3.73E+00,6.99E+01,,8.96E-02,,4.77E-02,,6.42E-04,,3.42E-04
827282700000,9.64E-02,1.04E+01,6.50E+08,2.55E+01,1.43E+09,2.65E+09,1.22E+09,6.75E+01,6.51E-02,3.38E-02,3.96E+01,3.82E-02,1.98E-02,9.45E+00,1.70E+00,3.56E+01,3.67E+03,1.48E+06,1.54E+07,5.28E+05,5.47E+06,1.02E+00,0.00E+00,2.93E-01,1.00E+02,1.06E+07,1.10E+08,1.04E+00,9.31E+00,0.00E+00,0.00E+00,3.14E+01,4.67E+01,0.00E+00,3.46E+01,7.01E+00,0.00E+00,1.10E+07,1.14E+08,1.50E+06,1.56E+07,4.16E+01,1.19E+00,6.00E+01,,6.51E-02,,3.38E-02,,3.82E-02,,1.98E-02
827282750000,1.04E-01,9.61E+00,6.50E+08,2.69E+01,1.66E+09,2.79E+09,1.13E+09,9.56E+01,9.95E-02,4.78E-02,0.00E+00,0.00E+00,0.00E+00,9.19E+00,1.61E+00,3.41E+01,3.12E+04,1.55E+06,1.49E+07,5.29E+05,5.09E+06,1.01E+00,0.00E+00,2.89E-01,1.00E+02,1.13E+07,1.09E+08,1.07E+00,7.70E+00,0.00E+00,0.00E+00,4.23E+01,4.40E+01,0.00E+00,4.72E+01,6.37E+00,0.00E+00,1.21E+07,1.16E+08,1.57E+06,1.50E+07,5.35E+01,4.24E+00,7.33E+01,,9.95E-02,,4.78E-02,,0.00E+00,,0.00E+00
827282800000,1.01E-01,9.86E+00,6.50E+08,2.36E+01,1.32E+09,2.45E+09,1.13E+09,6.47E+01,6.57E-02,3.24E-02,8.27E+00,8.39E-03,4.14E-03,9.45E+00,1.67E+00,3.57E+01,3.96E+03,1.56E+06,1.54E+07,5.55E+05,5.48E+06,1.02E+00,0.00E+00,2.69E-01,1.00E+02,1.05E+07,1.04E+08,1.02E+00,8.22E+00,0.00E+00,0.00E+00,3.53E+01,4.67E+01,0.00E+00,3.60E+01,7.01E+00,0.00E+00,1.07E+07,1.06E+08,1.58E+06,1.56E+07,4.30E+01,1.21E+00,5.84E+01,,6.57E-02,,3.24E-02,,8.39E-03,,4.14E-03
827282850000,9.09E-02,1.10E+01,6.50E+08,2.78E+01,1.71E+09,2.89E+09,1.18E+09,9.61E+01,8.73E-02,4.80E-02,2.29E+00,2.09E-03,1.15E-03,9.19E+00,1.64E+00,3.40E+01,1.91E+04,1.36E+06,1.49E+07,4.61E+05,5.08E+06,1.01E+00,0.00E+00,3.01E-01,1.00E+02,1.01E+07,1.11E+08,1.08E+00,8.49E+00,0.00E+00,0.00E+00,3.93E+01,4.40E+01,0.00E+00,4.54E+01,6.37E+00,0.00E+00,1.09E+07,1.20E+08,1.37E+06,1.51E+07,5.17E+01,3.07E+00,7.36E+01,,8.73E-02,,4.80E-02,,2.09E-03,,1.15E-03
827282900000,9.25E-02,1.08E+01,6.50E+08,2.36E+01,1.30E+09,2.45E+09,1.15E+09,6.70E+01,6.20E-02,3.35E-02,3.95E+01,3.65E-02,1.97E-02,9.72E+00,1.69E+00,3.62E+01,3.75E+03,1.46E+06,1.58E+07,5.29E+05,5.72E+06,1.02E+00,0.00E+00,2.67E-01,1.00E+02,9.71E+06,1.05E+08,1.01E+00,7.83E+00,0.00E+00,0.00E+00,3.94E+01,4.66E+01,0.00E+00,4.01E+01,7.20E+00,0.00E+00,9.79E+06,1.06E+08,1.48E+06,1.61E+07,4.73E+01,1.46E+00,5.58E+01,,6.20E-02,,3.35E-02,,3.65E-02,,1.97E-02
827282950000,9.54E-02,1.05E+01,6.50E+08,2.92E+01,1.83E+09,3.03E+09,1.20E+09,9.61E+01,9.16E-02,4.80E-02,0.00E+00,0.00E+00,0.00E+00,1.06E+01,1.62E+00,3.36E+01,1.88E+04,1.64E+06,1.72E+07,5.50E+05,5.77E+06,1.01E+00,0.00E+00,3.04E-01,1.00E+02,1.06E+07,1.11E+08,1.08E+00,9.01E+00,0.00E+00,0.00E+00,3.57E+01,4.44E+01,0.00E+00,4.13E+01,7.40E+00,0.00E+00,1.15E+07,1.20E+08,1.65E+06,1.73E+07,4.87E+01,2.85E+00,7.43E+01,,9.16E-02,,4.80E-02,,0.00E+00,,0.00E+00
827283000000,9.55E-02,1.05E+01,6.50E+08,2.25E+01,1.22E+09,2.34E+09,1.12E+09,6.67E+01,6.37E-02,3.34E-02,3.98E+01,3.80E-02,1.99E-02,8.65E+00,1.70E+00,3.83E+01,3.74E+03,1.34E+06,1.41E+07,5.14E+05,5.38E+06,1.02E+00,0.00E+00,2.63E-01,1.00E+02,9.98E+06,1.05E+08,1.00E+00,7.43E+00,0.00E+00,0.00E+00,4.35E+01,4.64E+01,0.00E+00,4.39E+01,6.38E+00,0.00E+00,1.00E+07,1.05E+08,1.36E+06,1.43E+07,5.03E+01,1.86E+00,5.58E+01,,6.37E-02,,3.34E-02,,3.80E-02,,1.99E-02
827283050000,9.56E-02,1.05E+01,6.50E+08,2.95E+01,1.86E+09,3.06E+09,1.20E+09,9.67E+01,9.24E-02,4.83E-02,0.00E+00,0.00E+00,0.00E+00,1.13E+01,1.62E+00,3.24E+01,1.46E+04,1.76E+06,1.84E+07,5.72E+05,5.98E+06,1.01E+00,0.00E+00,3.01E-01,1.00E+02,1.04E+07,1.09E+08,1.09E+00,9.29E+00,0.00E+00,0.00E+00,3.26E+01,4.47E+01,0.00E+00,3.72E+01,8.00E+00,0.00E+00,1.13E+07,1.19E+08,1.78E+06,1.86E+07,4.52E+01,2.47E+00,7.43E+01,,9.24E-02,,4.83E-02,,0.00E+00,,0.00E+00
827283100000,9.99E-02,1.00E+01,6.50E+08,2.38E+01,1.34E+09,2.48E+09,1.14E+09,6.63E+01,6.62E-02,3.31E-02,6.94E+01,6.94E-02,3.47E-02,9.85E+00,1.68E+00,4.32E+01,4.61E+03,1.60E+06,1.60E+07,6.92E+05,6.92E+06,1.01E+00,0.00E+00,2.51E-01,1.00E+02,1.00E+07,1.00E+08,1.00E+00,6.82E+00,0.00E+00,0.00E+00,4.59E+01,4.58E+01,0.00E+00,4.44E+01,7.14E+00,0.00E+00,1.01E+07,1.01E+08,1.62E+06,1.62E+07,5.15E+01,3.10E+00,5.93E+01,,6.62E-02,,3.31E-02,,6.94E-02,,3.47E-02
827283150000,1.04E-01,9.62E+00,6.50E+08,2.84E+01,1.76E+09,2.95E+09,1.19E+09,9.17E+01,9.53E-02,4.58E-02,5.39E+01,5.60E-02,2.70E-02,1.01E+01,1.61E+00,2.69E+01,1.07E+04,1.71E+06,1.65E+07,4.60E+05,4.42E+06,1.01E+00,0.00E+00,3.13E-01,1.00E+02,1.18E+07,1.13E+08,1.08E+00,9.71E+00,0.00E+00,0.00E+00,3.11E+01,4.51E+01,0.00E+00,3.67E+01,7.22E+00,0.00E+00,1.28E+07,1.23E+08,1.73E+06,1.66E+07,4.40E+01,2.25E+00,7.15E+01,,9.53E-02,,4.58E-02,,5.60E-02,,2.70E-02
827283200000,1.04E-01,9.57E+00,6.50E+08,2.19E+01,1.14E+09,2.28E+09,1.14E+09,6.67E+01,6.97E-02,3.33E-02,5.05E+01,5.28E-02,2.53E-02,7.15E+00,1.69E+00,4.80E+01,3.85E+03,1.21E+06,1.16E+07,5.82E+05,5.58E+06,1.01E+00,0.00E+00,2.67E-01,1.00E+02,1.13E+07,1.08E+08,1.00E+00,6.82E+00,0.00E+00,0.00E+00,4.97E+01,4.59E+01,0.00E+00,5.17E+01,5.21E+00,0.00E+00,1.13E+07,1.08E+08,1.23E+06,1.18E+07,5.69E+01,1.86E+00,5.64E+01,,6.97E-02,,3.33E-02,,5.28E-02,,2.53E-02
827283250000,1.05E-01,9.51E+00,6.50E+08,3.15E+01,2.03E+09,3.27E+09,1.25E+09,8.24E+01,8.66E-02,4.12E-02,6.22E+01,6.54E-02,3.11E-02,1.38E+01,1.61E+00,2.83E+01,9.84E+03,2.35E+06,2.24E+07,6.65E+05,6.33E+06,1.01E+00,0.00E+00,3.09E-01,1.00E+02,1.16E+07,1.10E+08,1.09E+00,1.05E+01,0.00E+00,0.00E+00,2.60E+01,4.53E+01,0.00E+00,2.99E+01,9.86E+00,0.00E+00,1.26E+07,1.20E+08,2.38E+06,2.26E+07,3.98E+01,1.69E+00,7.26E+01,,8.66E-02,,4.12E-02,,6.54E-02,,3.11E-02
827283300000,9.16E-02,1.09E+01,6.50E+08,2.04E+01,1.00E+09,2.12E+09,1.12E+09,7.86E+01,7.20E-02,3.93E-02,4.12E+01,3.78E-02,2.06E-02,5.04E+00,1.73E+00,5.41E+01,3.49E+03,7.50E+05,8.18E+06,4.06E+05,4.43E+06,1.01E+00,0.00E+00,2.74E-01,1.00E+02,1.03E+07,1.12E+08,1.00E+00,6.44E+00,0.00E+00,0.00E+00,5.48E+01,4.55E+01,0.00E+00,5.94E+01,3.63E+00,0.00E+00,1.03E+07,1.13E+08,7.60E+05,8.30E+06,6.30E+01,1.72E+00,5.49E+01,,7.20E-02,,3.93E-02,,3.78E-02,,2.06E-02
827283350000,7.48E-02,1.34E+01,6.50E+08,3.33E+01,2.18E+09,3.47E+09,1.28E+09,3.59E+01,2.68E-02,1.79E-02,6.60E+01,4.94E-02,3.30E-02,1.62E+01,1.61E+00,2.91E+01,8.65E+03,1.97E+06,2.63E+07,5.73E+05,7.66E+06,1.01E+00,0.00E+00,3.06E-01,1.00E+02,8.01E+06,1.07E+08,1.09E+00,1.11E+01,0.00E+00,0.00E+00,1.99E+01,4.55E+01,0.00E+00,2.24E+01,1.17E+01,0.00E+00,8.75E+06,1.17E+08,2.00E+06,2.67E+07,3.41E+01,1.07E+00,7.26E+01,,2.68E-02,,1.79E-02,,4.94E-02,,3.30E-02
827283400000,1.09E-01,9.16E+00,6.50E+08,2.20E+01,1.24E+09,2.29E+09,1.05E+09,9.42E+01,1.03E-01,4.71E-02,1.06E+01,1.16E-02,5.30E-03,7.25E+00,1.68E+00,4.05E+01,6.51E+03,1.29E+06,1.18E+07,5.20E+05,4.76E+06,1.01E+00,0.00E+00,2.52E-01,1.00E+02,1.14E+07,1.05E+08,1.00E+00,5.35E+00,0.00E+00,0.00E+00,6.02E+01,4.41E+01,0.00E+00,6.05E+01,5.04E+00,0.00E+00,1.14E+07,1.05E+08,1.30E+06,1.19E+07,6.55E+01,3.87E+00,6.15E+01,,1.03E-01,,4.71E-02,,1.16E-02,,5.30E-03
827283450000,1.17E-01,8.52E+00,6.50E+08,2.97E+01,1.81E+09,3.09E+09,1.28E+09,4.01E+01,4.71E-02,2.01E-02,3.22E+01,3.78E-02,1.61E-02,1.16E+01,1.64E+00,3.12E+01,5.78E+03,2.21E+06,1.88E+07,6.89E+05,5.87E+06,1.01E+00,0.00E+00,3.20E-01,1.00E+02,1.33E+07,1.13E+08,1.09E+00,1.07E+01,0.00E+00,0.00E+00,2.15E+01,4.62E+01,0.00E+00,2.54E+01,8.47E+00,0.00E+00,1.44E+07,1.23E+08,2.24E+06,1.91E+07,3.39E+01,1.12E+00,6.82E+01,,4.71E-02,,2.01E-02,,3.78E-02,,1.61E-02
827283500000,9.53E-02,1.05E+01,6.50E+08,1.62E+01,6.45E+08,1.68E+09,1.04E+09,9.49E+01,9.05E-02,4.75E-02,1.33E+01,1.26E-02,6.63E-03,3.51E-01,2.78E+00,9.36E+01,2.13E+02,5.44E+04,5.70E+05,5.09E+04,5.34E+05,1.86E+00,0.00E+00,2.80E-01,1.00E+02,1.16E+07,1.21E+08,1.01E+00,6.07E+00,0.00E+00,0.00E+00,5.58E+01,2.30E+01,0.00E+00,6.55E+01,2.35E-01,0.00E+00,1.17E+07,1.22E+08,1.01E+05,1.06E+06,6.58E+01,2.11E+00,5.29E+01,,9.05E-02,,4.75E-02,,1.26E-02,,6.63E-03
827283550000,8.12E-02,1.23E+01,6.50E+08,3.51E+01,2.27E+09,3.66E+09,1.38E+09,6.97E+01,5.66E-02,3.49E-02,7.00E+01,5.69E-02,3.50E-02,1.86E+01,1.61E+00,3.47E+01,1.04E+04,2.45E+06,3.02E+07,8.50E+05,1.05E+07,1.01E+00,0.00E+00,3.38E-01,1.00E+02,8.75E+06,1.08E+08,1.17E+00,1.77E+01,0.00E+00,0.00E+00,1.89E+01,4.52E+01,0.00E+00,2.29E+01,1.33E+01,0.00E+00,1.03E+07,1.26E+08,2.48E+06,3.05E+07,3.62E+01,4.64E-01,8.66E+01,,5.66E-02,,3.49E-02,,5.69E-02,,3.50E-02
827283600000,9.72E-02,1.03E+01,6.50E+08,2.25E+01,1.31E+09,2.34E+09,1.02E+09,9.36E+01,9.10E-02,4.68E-02,8.17E+01,7.94E-02,4.09E-02,8.29E+00,1.71E+00,3.70E+01,5.75E+03,1.31E+06,1.35E+07,4.84E+05,4.98E+06,1.01E+00,0.00E+00,2.44E-01,1.00E+02,9.67E+06,9.95E+07,1.01E+00,5.72E+00,0.00E+00,0.00E+00,6.02E+01,4.45E+01,0.00E+00,5.81E+01,5.82E+00,0.00E+00,9.77E+06,1.00E+08,1.32E+06,1.36E+07,6.39E+01,4.97E+00,6.42E+01,,9.10E-02,,4.68E-02,,7.94E-02,,4.09E-02
827283650000,9.95E-02,1.01E+01,6.50E+08,2.80E+01,1.63E+09,2.91E+09,1.28E+09,4.02E+01,3.99E-02,2.01E-02,4.01E+01,3.99E-02,2.00E-02,9.63E+00,1.62E+00,3.49E+01,4.41E+03,1.56E+06,1.56E+07,5.42E+05,5.45E+06,1.02E+00,0.00E+00,3.27E-01,1.00E+02,1.15E+07,1.16E+08,1.08E+00,1.12E+01,0.00E+00,0.00E+00,2.22E+01,4.68E+01,0.00E+00,2.66E+01,7.16E+00,0.00E+00,1.24E+07,1.25E+08,1.58E+06,1.59E+07,3.38E+01,8.10E-01,6.66E+01,,3.99E-02,,2.01E-02,,3.99E-02,,2.00E-02
827283700000,1.05E-01,9.52E+00,6.50E+08,2.14E+01,1.13E+09,2.23E+09,1.09E+09,9.03E+01,9.48E-02,4.51E-02,8.07E+00,8.48E-03,4.04E-03,6.02E+00,1.69E+00,5.22E+01,3.83E+03,1.03E+06,9.78E+06,5.36E+05,5.11E+06,1.02E+00,0.00E+00,2.53E-01,1.00E+02,1.16E+07,1.10E+08,1.00E+00,5.48E+00,0.00E+00,0.00E+00,5.71E+01,4.36E+01,0.00E+00,6.07E+01,4.19E+00,0.00E+00,1.16E+07,1.11E+08,1.05E+06,1.00E+07,6.49E+01,3.78E+00,6.02E+01,,9.48E-02,,4.51E-02,,8.48E-03,,4.04E-03
827283750000,1.06E-01,9.47E+00,6.50E+08,3.41E+01,2.10E+09,3.54E+09,1.44E+09,9.59E+01,1.01E-01,4.80E-02,5.10E+01,5.38E-02,2.55E-02,1.28E+01,1.65E+00,2.67E+01,5.59E+03,2.20E+06,2.08E+07,5.89E+05,5.58E+06,1.01E+00,0.00E+00,3.93E-01,1.00E+02,1.41E+07,1.34E+08,1.10E+00,1.89E+01,0.00E+00,0.00E+00,2.72E+01,4.61E+01,0.00E+00,3.84E+01,9.38E+00,0.00E+00,1.55E+07,1.47E+08,2.23E+06,2.12E+07,4.78E+01,7.04E-01,7.12E+01,,1.01E-01,,4.80E-02,,5.38E-02,,2.55E-02
827283800000,7.72E-02,1.30E+01,6.50E+08,2.83E+01,1.64E+09,2.95E+09,1.31E+09,9.65E+01,7.45E-02,4.82E-02,9.92E+00,7.66E-03,4.96E-03,9.59E+00,1.71E+00,4.49E+01,7.05E+03,1.20E+06,1.56E+07,5.40E+05,6.99E+06,1.02E+00,0.00E+00,2.95E-01,1.00E+02,9.08E+06,1.18E+08,1.05E+00,1.13E+01,0.00E+00,0.00E+00,4.14E+01,4.38E+01,0.00E+00,4.92E+01,6.68E+00,0.00E+00,9.55E+06,1.24E+08,1.22E+06,1.58E+07,5.59E+01,1.41E+00,6.85E+01,,7.45E-02,,4.82E-02,,7.66E-03,,4.96E-03
827283850000,1.07E-01,9.33E+00,6.50E+08,2.97E+01,1.71E+09,3.09E+09,1.39E+09,9.72E+01,1.04E-01,4.69E-02,5.06E+01,5.42E-02,2.44E-02,1.13E+01,1.69E+00,3.50E+01,3.97E+03,2.04E+06,1.84E+07,7.14E+05,6.44E+06,1.02E+00,0.00E+00,3.70E-01,1.00E+02,1.45E+07,1.31E+08,1.08E+00,1.54E+01,0.00E+00,0.00E+00,3.83E+01,4.63E+01,0.00E+00,5.22E+01,8.30E+00,0.00E+00,1.57E+07,1.42E+08,2.07E+06,1.87E+07,6.05E+01,1.34E+00,6.84E+01,,1.04E-01,,4.69E-02,,5.42E-02,,2.44E-02
827283900000,,,6.50E+08,2.18E+01,1.54E+09,2.42E+09,8.79E+08,,,2.41E-02,,,0.00E+00,1.06E+01,1.58E+00,1.98E+01,3.35E+04,,1.84E+07,,3.65E+06,1.01E+00,0.00E+00,2.09E-01,1.00E+02,,9.31E+07,1.00E+00,4.43E+00,,0.00E+00,6.06E+01,4.40E+01,0.00E+00,5.07E+01,7.35E+00,0.00E+00,,9.31E+07,,1.86E+07,5.81E+01,6.31E+00,7.11E+01,,,,2.41E-02,,,,0.00E+00
Mean,1.13E-01,1.06E+01,6.48E+08,2.55E+01,1.52E+09,2.70E+09,1.18E+09,7.98E+01,8.63E-02,3.92E-02,5.40E+01,6.04E-02,2.69E-02,1.03E+01,3.88E+00,3.49E+01,8.76E+03,1.83E+06,1.70E+07,5.70E+05,5.62E+06,1.06E+00,0.00E+00,3.19E-01,1.00E+02,1.15E+07,1.08E+08,1.09E+00,1.05E+01,0.00E+00,0.00E+00,3.86E+01,4.38E+01,0.00E+00,4.25E+01,7.24E+00,0.00E+00,1.28E+07,1.18E+08,1.98E+06,1.79E+07,4.97E+01,2.05E+00,6.59E+01,6.23E-04,8.68E-02,3.17E-04,3.92E-02,6.98E-04,6.08E-02,3.21E-04,2.69E-02
Variance,2.73E-03,1.21E+02,8.15E+14,2.72E+01,1.56E+17,2.57E+17,1.79E+16,5.07E+02,1.74E-03,9.85E-05,6.60E+02,1.82E-03,1.68E-04,1.82E+01,6.57E+02,1.73E+02,6.46E+07,1.44E+12,5.21E+13,1.06E+11,6.71E+12,2.06E-02,0.00E+00,1.23E-02,0.00E+00,1.88E+13,1.32E+14,1.88E-02,3.79E+01,0.00E+00,0.00E+00,1.68E+02,3.48E+01,0.00E+00,1.89E+02,8.77E+00,0.00E+00,3.63E+13,3.13E+14,2.29E+12,6.82E+13,1.53E+02,2.28E+00,8.40E+01,1.98E-09,1.70E-03,1.11E-08,9.85E-05,4.30E-08,1.80E-03,1.17E-10,1.68E-04
Standard Deviation,5.23E-02,1.10E+01,2.86E+07,5.21E+00,3.95E+08,5.07E+08,1.34E+08,2.25E+01,4.17E-02,9.92E-03,2.57E+01,4.26E-02,1.30E-02,4.27E+00,2.56E+01,1.32E+01,8.04E+03,1.20E+06,7.22E+06,3.26E+05,2.59E+06,1.43E-01,0.00E+00,1.11E-01,0.00E+00,4.34E+06,1.15E+07,1.37E-01,6.16E+00,0.00E+00,0.00E+00,1.30E+01,5.90E+00,0.00E+00,1.37E+01,2.96E+00,0.00E+00,6.03E+06,1.77E+07,1.51E+06,8.26E+06,1.24E+01,1.51E+00,9.16E+00,4.45E-05,4.13E-02,1.05E-04,9.92E-03,2.07E-04,4.24E-02,1.08E-05,1.29E-02
